"","date","price"
"1",2015-08-07 00:00:00,2.83162
"2",2015-08-08 00:00:00,1.33075
"3",2015-08-10 00:00:00,0.687585709083813
"4",2015-08-11 00:00:00,1.06737887942995
"5",2015-08-12 00:00:00,1.25661317510166
"6",2015-08-13 00:00:00,1.82539544631975
"7",2015-08-14 00:00:00,1.82597489135564
"8",2015-08-15 00:00:00,1.67094966893777
"9",2015-08-16 00:00:00,1.47660725420503
"10",2015-08-17 00:00:00,1.20387143115441
"11",2015-08-18 00:00:00,1.28139305165997
"12",2015-08-19 00:00:00,1.25273865167908
"13",2015-08-20 00:00:00,1.48419507417187
"14",2015-08-21 00:00:00,1.40631477379752
"15",2015-08-22 00:00:00,1.38072153647664
"16",2015-08-23 00:00:00,1.3551821004544
"17",2015-08-24 00:00:00,1.24657168269902
"18",2015-08-25 00:00:00,1.16082832790726
"19",2015-08-26 00:00:00,1.11963915648299
"20",2015-08-27 00:00:00,1.1336906940088
"21",2015-08-28 00:00:00,1.18889569872261
"22",2015-08-29 00:00:00,1.17434390525221
"23",2015-08-30 00:00:00,1.32235087991897
"24",2015-08-31 00:00:00,1.35336841739132
"25",2015-09-01 00:00:00,1.35078668873445
"26",2015-09-02 00:00:00,1.27881076530876
"27",2015-09-03 00:00:00,1.26277071952086
"28",2015-09-04 00:00:00,1.26952009987808
"29",2015-09-05 00:00:00,1.33497622938697
"30",2015-09-06 00:00:00,1.29888313413515
"31",2015-09-07 00:00:00,1.25622343996558
"32",2015-09-08 00:00:00,1.23603326093694
"33",2015-09-09 00:00:00,1.20652994508673
"34",2015-09-10 00:00:00,1.16723484140214
"35",2015-09-11 00:00:00,0.976509092691504
"36",2015-09-12 00:00:00,1.03820358530611
"37",2015-09-13 00:00:00,0.938652150255787
"38",2015-09-14 00:00:00,0.87402296242848
"39",2015-09-15 00:00:00,0.94182318572743
"40",2015-09-16 00:00:00,0.903219919572405
"41",2015-09-17 00:00:00,0.883078728906351
"42",2015-09-18 00:00:00,0.846070919387247
"43",2015-09-19 00:00:00,0.882103799685598
"44",2015-09-20 00:00:00,0.936327761486944
"45",2015-09-21 00:00:00,0.901092879089097
"46",2015-09-22 00:00:00,0.89714226505515
"47",2015-09-23 00:00:00,0.894047522299491
"48",2015-09-24 00:00:00,0.816037308089304
"49",2015-09-25 00:00:00,0.740519299851588
"50",2015-09-26 00:00:00,0.777801499149773
"51",2015-09-27 00:00:00,0.721358423113056
"52",2015-09-28 00:00:00,0.583057004697437
"53",2015-09-29 00:00:00,0.657832489515796
"54",2015-09-30 00:00:00,0.734763053597191
"55",2015-10-01 00:00:00,0.685812189713893
"56",2015-10-02 00:00:00,0.676221733875054
"57",2015-10-03 00:00:00,0.687475757541192
"58",2015-10-04 00:00:00,0.66754685793757
"59",2015-10-05 00:00:00,0.628255074242939
"60",2015-10-06 00:00:00,0.64565776230867
"61",2015-10-07 00:00:00,0.610012697357523
"62",2015-10-08 00:00:00,0.623483302155451
"63",2015-10-09 00:00:00,0.650768764684828
"64",2015-10-10 00:00:00,0.629794941726829
"65",2015-10-11 00:00:00,0.6370439806919
"66",2015-10-12 00:00:00,0.628787281832734
"67",2015-10-13 00:00:00,0.602627272332759
"68",2015-10-14 00:00:00,0.517689435598842
"69",2015-10-15 00:00:00,0.561499004258852
"70",2015-10-16 00:00:00,0.533148020000742
"71",2015-10-17 00:00:00,0.549028308997374
"72",2015-10-18 00:00:00,0.518444547359572
"73",2015-10-19 00:00:00,0.487067298419333
"74",2015-10-20 00:00:00,0.432978599031249
"75",2015-10-21 00:00:00,0.439768974404896
"76",2015-10-22 00:00:00,0.565461506678028
"77",2015-10-23 00:00:00,0.540737766800056
"78",2015-10-24 00:00:00,0.568573768511812
"79",2015-10-25 00:00:00,0.631938809224957
"80",2015-10-26 00:00:00,0.743957909727509
"81",2015-10-27 00:00:00,0.854455250483285
"82",2015-10-28 00:00:00,1.01040972125942
"83",2015-10-29 00:00:00,1.16374863557632
"84",2015-10-30 00:00:00,1.04184905489639
"85",2015-10-31 00:00:00,0.907091628416746
"86",2015-11-01 00:00:00,1.05854194129115
"87",2015-11-02 00:00:00,0.955045860320044
"88",2015-11-03 00:00:00,1.00234480292955
"89",2015-11-04 00:00:00,0.901808660548601
"90",2015-11-05 00:00:00,0.906601136813436
"91",2015-11-06 00:00:00,0.909442198720923
"92",2015-11-07 00:00:00,0.922482091197951
"93",2015-11-08 00:00:00,1.03049951417902
"94",2015-11-09 00:00:00,0.995802984522552
"95",2015-11-10 00:00:00,0.93483422190165
"96",2015-11-11 00:00:00,0.788761177267924
"97",2015-11-12 00:00:00,0.90074206650109
"98",2015-11-13 00:00:00,0.904081557944899
"99",2015-11-14 00:00:00,0.88422890540373
"100",2015-11-15 00:00:00,0.910825548196164
"101",2015-11-16 00:00:00,0.933840783957846
"102",2015-11-17 00:00:00,0.995273357882839
"103",2015-11-18 00:00:00,0.994428579921399
"104",2015-11-19 00:00:00,0.951471289242266
"105",2015-11-20 00:00:00,0.926803118959178
"106",2015-11-21 00:00:00,0.973572434269653
"107",2015-11-22 00:00:00,0.96473853235469
"108",2015-11-23 00:00:00,0.94522033623072
"109",2015-11-24 00:00:00,0.899361135466396
"110",2015-11-25 00:00:00,0.867707091767727
"111",2015-11-26 00:00:00,0.894874770788174
"112",2015-11-27 00:00:00,0.870712800254529
"113",2015-11-28 00:00:00,0.917398775437557
"114",2015-11-29 00:00:00,0.871744953789333
"115",2015-11-30 00:00:00,0.873600932089014
"116",2015-12-01 00:00:00,0.87500399764477
"117",2015-12-02 00:00:00,0.822733781137552
"118",2015-12-03 00:00:00,0.824765188881011
"119",2015-12-04 00:00:00,0.838790951281137
"120",2015-12-05 00:00:00,0.864583729756047
"121",2015-12-06 00:00:00,0.83499248696061
"122",2015-12-07 00:00:00,0.800750283925989
"123",2015-12-08 00:00:00,0.818852708875251
"124",2015-12-09 00:00:00,0.791829348310727
"125",2015-12-10 00:00:00,0.847442242039054
"126",2015-12-11 00:00:00,0.916738942444513
"127",2015-12-12 00:00:00,0.971258309747255
"128",2015-12-13 00:00:00,0.958303173557824
"129",2015-12-14 00:00:00,0.995489834633989
"130",2015-12-15 00:00:00,1.0170637001075
"131",2015-12-16 00:00:00,0.988912442381573
"132",2015-12-17 00:00:00,0.940228325194049
"133",2015-12-18 00:00:00,0.921171783109932
"134",2015-12-19 00:00:00,0.909632916932517
"135",2015-12-20 00:00:00,0.90323164290899
"136",2015-12-21 00:00:00,0.896806287023812
"137",2015-12-22 00:00:00,0.878959313059695
"138",2015-12-23 00:00:00,0.867565455272499
"139",2015-12-24 00:00:00,0.861363016488459
"140",2015-12-25 00:00:00,0.870718343974588
"141",2015-12-26 00:00:00,0.853017864900963
"142",2015-12-27 00:00:00,0.858887086877609
"143",2015-12-28 00:00:00,0.842169613030788
"144",2015-12-29 00:00:00,0.869487810778192
"145",2015-12-30 00:00:00,0.900354301740537
"146",2015-12-31 00:00:00,0.936539967780352
"147",2016-01-01 00:00:00,0.946313343074989
"148",2016-01-02 00:00:00,0.938126162172615
"149",2016-01-03 00:00:00,0.972196975503561
"150",2016-01-04 00:00:00,0.959297835214737
"151",2016-01-05 00:00:00,0.953102241142765
"152",2016-01-06 00:00:00,0.968434011790871
"153",2016-01-07 00:00:00,0.958976780387682
"154",2016-01-08 00:00:00,0.995574781193169
"155",2016-01-09 00:00:00,1.02478096778813
"156",2016-01-10 00:00:00,1.01996585607406
"157",2016-01-11 00:00:00,1.06872662106278
"158",2016-01-12 00:00:00,1.16736290082792
"159",2016-01-13 00:00:00,1.12958834642001
"160",2016-01-14 00:00:00,1.1573775532525
"161",2016-01-15 00:00:00,1.21073546288485
"162",2016-01-16 00:00:00,1.21569129502475
"163",2016-01-17 00:00:00,1.32185571175341
"164",2016-01-18 00:00:00,1.39830112692888
"165",2016-01-19 00:00:00,1.3769900190471
"166",2016-01-20 00:00:00,1.56541190454126
"167",2016-01-21 00:00:00,1.54469186223583
"168",2016-01-22 00:00:00,1.47134182250497
"169",2016-01-23 00:00:00,1.69215628493626
"170",2016-01-24 00:00:00,2.13169149537068
"171",2016-01-25 00:00:00,2.48139608647395
"172",2016-01-26 00:00:00,2.0867827269865
"173",2016-01-27 00:00:00,2.38450115870444
"174",2016-01-28 00:00:00,2.51971973452348
"175",2016-01-29 00:00:00,2.4862032320559
"176",2016-01-30 00:00:00,2.43760127351259
"177",2016-01-31 00:00:00,2.29876655744912
"178",2016-02-01 00:00:00,2.22188305935551
"179",2016-02-02 00:00:00,2.40311185532703
"180",2016-02-03 00:00:00,2.51594993345679
"181",2016-02-04 00:00:00,2.55717894430269
"182",2016-02-05 00:00:00,2.53287856549147
"183",2016-02-06 00:00:00,2.51777636934356
"184",2016-02-07 00:00:00,2.95077611317716
"185",2016-02-08 00:00:00,3.16533569369639
"186",2016-02-09 00:00:00,3.7204532866885
"187",2016-02-10 00:00:00,4.42743143770336
"188",2016-02-11 00:00:00,6.0050003081127
"189",2016-02-12 00:00:00,5.47564928368319
"190",2016-02-13 00:00:00,5.37328492194001
"191",2016-02-14 00:00:00,5.16951243640244
"192",2016-02-15 00:00:00,5.31905828637744
"193",2016-02-16 00:00:00,4.36897012206496
"194",2016-02-17 00:00:00,3.74402247074023
"195",2016-02-18 00:00:00,4.39793904200392
"196",2016-02-19 00:00:00,4.49389538296573
"197",2016-02-20 00:00:00,4.30187567756098
"198",2016-02-21 00:00:00,4.653970273276
"199",2016-02-22 00:00:00,5.6087142575767
"200",2016-02-23 00:00:00,5.61209143984952
"201",2016-02-24 00:00:00,6.13438125903969
"202",2016-02-25 00:00:00,5.93625743323269
"203",2016-02-26 00:00:00,5.8973516264409
"204",2016-02-27 00:00:00,6.3570917621584
"205",2016-02-28 00:00:00,6.44065084884728
"206",2016-02-29 00:00:00,6.31202845804973
"207",2016-03-01 00:00:00,7.56015704961791
"208",2016-03-02 00:00:00,8.39831816303487
"209",2016-03-03 00:00:00,9.5049370429982
"210",2016-03-04 00:00:00,10.0377647510896
"211",2016-03-05 00:00:00,10.9351977392798
"212",2016-03-06 00:00:00,10.9646617816357
"213",2016-03-07 00:00:00,9.39746986881355
"214",2016-03-08 00:00:00,9.80069078731416
"215",2016-03-09 00:00:00,11.9715797564935
"216",2016-03-10 00:00:00,11.2064229700308
"217",2016-03-11 00:00:00,11.2089366928825
"218",2016-03-12 00:00:00,13.3762066735602
"219",2016-03-13 00:00:00,14.8935997845781
"220",2016-03-14 00:00:00,12.2898246067052
"221",2016-03-15 00:00:00,12.966897673599
"222",2016-03-16 00:00:00,12.5294331452808
"223",2016-03-17 00:00:00,10.956232214701
"224",2016-03-18 00:00:00,10.7976503388747
"225",2016-03-19 00:00:00,10.4395358681716
"226",2016-03-20 00:00:00,10.2174909738872
"227",2016-03-21 00:00:00,11.8511226942559
"228",2016-03-22 00:00:00,11.3174276751707
"229",2016-03-23 00:00:00,12.403191507243
"230",2016-03-24 00:00:00,11.12762218636
"231",2016-03-25 00:00:00,10.6406914321158
"232",2016-03-26 00:00:00,10.9655224446876
"233",2016-03-27 00:00:00,10.3775168182016
"234",2016-03-28 00:00:00,11.6762515403909
"235",2016-03-29 00:00:00,11.7381708304657
"236",2016-03-30 00:00:00,11.8822867595342
"237",2016-03-31 00:00:00,11.3546305429002
"238",2016-04-01 00:00:00,11.6360718033468
"239",2016-04-02 00:00:00,11.5639776320382
"240",2016-04-03 00:00:00,11.5123801201048
"241",2016-04-04 00:00:00,11.1868812388837
"242",2016-04-05 00:00:00,10.419484689889
"243",2016-04-06 00:00:00,10.6662234200739
"244",2016-04-07 00:00:00,10.0295684039377
"245",2016-04-08 00:00:00,9.75894491102147
"246",2016-04-09 00:00:00,9.89971959541582
"247",2016-04-10 00:00:00,8.81461717583012
"248",2016-04-11 00:00:00,8.66829211893249
"249",2016-04-12 00:00:00,7.51681223420342
"250",2016-04-13 00:00:00,8.01560459310512
"251",2016-04-14 00:00:00,8.43365602127963
"252",2016-04-15 00:00:00,8.20613745870167
"253",2016-04-16 00:00:00,8.55598196697697
"254",2016-04-17 00:00:00,9.32317027634623
"255",2016-04-18 00:00:00,8.96048240505371
"256",2016-04-19 00:00:00,8.69677303872731
"257",2016-04-20 00:00:00,8.48415072258423
"258",2016-04-21 00:00:00,8.11104074507033
"259",2016-04-22 00:00:00,7.85510666517934
"260",2016-04-23 00:00:00,8.37719262395728
"261",2016-04-24 00:00:00,7.9953612072403
"262",2016-04-25 00:00:00,7.81275165607731
"263",2016-04-26 00:00:00,7.42466326622903
"264",2016-04-27 00:00:00,7.72469454994633
"265",2016-04-28 00:00:00,7.25021600522578
"266",2016-04-29 00:00:00,7.47581760975781
"267",2016-04-30 00:00:00,8.89297009183721
"268",2016-05-01 00:00:00,8.8324543728329
"269",2016-05-02 00:00:00,10.1078211686672
"270",2016-05-03 00:00:00,9.28533581095449
"271",2016-05-04 00:00:00,9.41413613606481
"272",2016-05-05 00:00:00,9.82713017845644
"273",2016-05-06 00:00:00,9.27704214677803
"274",2016-05-07 00:00:00,9.38120289358462
"275",2016-05-08 00:00:00,9.52920206226682
"276",2016-05-09 00:00:00,9.35327654557416
"277",2016-05-10 00:00:00,9.3502837039286
"278",2016-05-11 00:00:00,9.98130292046739
"279",2016-05-12 00:00:00,10.0914922875864
"280",2016-05-13 00:00:00,10.5856615772128
"281",2016-05-14 00:00:00,10.1760985679812
"282",2016-05-15 00:00:00,9.96044689286954
"283",2016-05-16 00:00:00,11.1336459827202
"284",2016-05-17 00:00:00,12.1571371612669
"285",2016-05-18 00:00:00,13.3536143055496
"286",2016-05-19 00:00:00,14.7183247560022
"287",2016-05-20 00:00:00,13.6936834340046
"288",2016-05-21 00:00:00,13.999248438577
"289",2016-05-22 00:00:00,14.2489860664158
"290",2016-05-23 00:00:00,13.2350366019864
"291",2016-05-24 00:00:00,12.6643429900091
"292",2016-05-25 00:00:00,12.5042645292412
"293",2016-05-26 00:00:00,12.4983534096312
"294",2016-05-27 00:00:00,11.1917447615315
"295",2016-05-28 00:00:00,11.7632456056972
"296",2016-05-29 00:00:00,12.389052135337
"297",2016-05-30 00:00:00,12.6784310688924
"298",2016-05-31 00:00:00,14.0092737590166
"299",2016-06-01 00:00:00,13.8579378348612
"300",2016-06-02 00:00:00,13.7743388746826
"301",2016-06-03 00:00:00,13.8427358773047
"302",2016-06-04 00:00:00,13.6973942601872
"303",2016-06-05 00:00:00,13.9705290677866
"304",2016-06-06 00:00:00,13.9420055539677
"305",2016-06-07 00:00:00,14.5492169486483
"306",2016-06-08 00:00:00,14.431775552987
"307",2016-06-09 00:00:00,14.4406237439447
"308",2016-06-10 00:00:00,13.9437339286045
"309",2016-06-11 00:00:00,13.9604609702313
"310",2016-06-12 00:00:00,15.6970072696863
"311",2016-06-13 00:00:00,17.5527502857509
"312",2016-06-14 00:00:00,18.7703743713614
"313",2016-06-15 00:00:00,18.421853687438
"314",2016-06-16 00:00:00,20.5094004137599
"315",2016-06-17 00:00:00,15.3973978175681
"316",2016-06-18 00:00:00,11.197136666677
"317",2016-06-19 00:00:00,12.2305870289082
"318",2016-06-20 00:00:00,11.8148345204993
"319",2016-06-21 00:00:00,12.9845978751969
"320",2016-06-22 00:00:00,12.7377562106387
"321",2016-06-23 00:00:00,13.6764789957757
"322",2016-06-24 00:00:00,13.9418969013261
"323",2016-06-25 00:00:00,14.2762877209566
"324",2016-06-26 00:00:00,13.8450299618719
"325",2016-06-27 00:00:00,13.9325434910591
"326",2016-06-28 00:00:00,12.2956605562324
"327",2016-06-29 00:00:00,12.8004961002562
"328",2016-06-30 00:00:00,13.3356266999646
"329",2016-07-01 00:00:00,12.3296459637317
"330",2016-07-02 00:00:00,12.0179825039797
"331",2016-07-03 00:00:00,11.8251610307759
"332",2016-07-04 00:00:00,11.4217387271668
"333",2016-07-05 00:00:00,10.540860504216
"334",2016-07-06 00:00:00,10.510559938124
"335",2016-07-07 00:00:00,10.0989312656263
"336",2016-07-08 00:00:00,11.3954787467708
"337",2016-07-09 00:00:00,10.9957223473232
"338",2016-07-10 00:00:00,10.9572943395433
"339",2016-07-11 00:00:00,10.5154517062397
"340",2016-07-12 00:00:00,10.6061936071172
"341",2016-07-13 00:00:00,10.4890546865522
"342",2016-07-14 00:00:00,11.2429709571411
"343",2016-07-15 00:00:00,11.3250970533199
"344",2016-07-16 00:00:00,11.7017160151557
"345",2016-07-17 00:00:00,11.3147874100638
"346",2016-07-18 00:00:00,11.0225563358623
"347",2016-07-19 00:00:00,11.5825014236276
"348",2016-07-20 00:00:00,12.1527882734789
"349",2016-07-21 00:00:00,12.605917129707
"350",2016-07-22 00:00:00,14.3198773695417
"351",2016-07-23 00:00:00,14.3897253427216
"352",2016-07-24 00:00:00,12.8038518097901
"353",2016-07-25 00:00:00,13.816630680711
"354",2016-07-26 00:00:00,11.7716417572806
"355",2016-07-27 00:00:00,12.9663334022251
"356",2016-07-28 00:00:00,12.8831496078973
"357",2016-07-29 00:00:00,12.8400376373632
"358",2016-07-30 00:00:00,12.5470817807848
"359",2016-07-31 00:00:00,11.8684084145512
"360",2016-08-01 00:00:00,10.9683978522764
"361",2016-08-02 00:00:00,8.35259274783897
"362",2016-08-03 00:00:00,10.2217478158987
"363",2016-08-04 00:00:00,11.0321602168702
"364",2016-08-05 00:00:00,10.9400141081538
"365",2016-08-06 00:00:00,10.8986363485465
"366",2016-08-07 00:00:00,10.9203080554891
"367",2016-08-08 00:00:00,11.2458051210889
"368",2016-08-09 00:00:00,12.1912187076597
"369",2016-08-10 00:00:00,12.1412227988781
"370",2016-08-11 00:00:00,11.9881401888619
"371",2016-08-12 00:00:00,11.9737201262459
"372",2016-08-13 00:00:00,11.5774726676819
"373",2016-08-14 00:00:00,11.259903522087
"374",2016-08-15 00:00:00,11.2308070466222
"375",2016-08-16 00:00:00,10.2508224487253
"376",2016-08-17 00:00:00,10.735346344403
"377",2016-08-18 00:00:00,10.7242168097377
"378",2016-08-19 00:00:00,10.7183447189202
"379",2016-08-20 00:00:00,11.2627544768347
"380",2016-08-21 00:00:00,11.1540443101532
"381",2016-08-22 00:00:00,11.0613773888872
"382",2016-08-23 00:00:00,11.0125430816559
"383",2016-08-24 00:00:00,11.0138119941755
"384",2016-08-25 00:00:00,11.3391274411927
"385",2016-08-26 00:00:00,11.2568126620226
"386",2016-08-27 00:00:00,11.1495075873752
"387",2016-08-28 00:00:00,10.9130410769076
"388",2016-08-29 00:00:00,10.9062905889062
"389",2016-08-30 00:00:00,11.2108773115184
"390",2016-08-31 00:00:00,11.4966247509266
"391",2016-09-01 00:00:00,12.0028774775012
"392",2016-09-02 00:00:00,12.0910428023315
"393",2016-09-03 00:00:00,11.7975852205698
"394",2016-09-04 00:00:00,11.6625795439845
"395",2016-09-05 00:00:00,11.7518974778808
"396",2016-09-06 00:00:00,11.6847554377482
"397",2016-09-07 00:00:00,11.5500254156163
"398",2016-09-08 00:00:00,11.3363987341564
"399",2016-09-09 00:00:00,11.6301168210345
"400",2016-09-10 00:00:00,12.1178308618837
"401",2016-09-11 00:00:00,11.5960562465976
"402",2016-09-12 00:00:00,11.8471419808328
"403",2016-09-13 00:00:00,11.8817294557891
"404",2016-09-14 00:00:00,11.912008011076
"405",2016-09-15 00:00:00,11.9014784051747
"406",2016-09-16 00:00:00,12.5223692834179
"407",2016-09-17 00:00:00,12.6845428044974
"408",2016-09-18 00:00:00,12.3690521391201
"409",2016-09-19 00:00:00,13.1601680630256
"410",2016-09-20 00:00:00,14.3080465816593
"411",2016-09-21 00:00:00,13.7051797999117
"412",2016-09-22 00:00:00,13.2338027429934
"413",2016-09-23 00:00:00,13.3189933242108
"414",2016-09-24 00:00:00,12.8596057658478
"415",2016-09-25 00:00:00,13.0455986433673
"416",2016-09-26 00:00:00,12.8187463990211
"417",2016-09-27 00:00:00,13.0747267974939
"418",2016-09-28 00:00:00,13.3139894392626
"419",2016-09-29 00:00:00,13.0966570062473
"420",2016-09-30 00:00:00,13.1948181554802
"421",2016-10-01 00:00:00,13.2698272246776
"422",2016-10-02 00:00:00,13.1979099345628
"423",2016-10-03 00:00:00,13.4706000907674
"424",2016-10-04 00:00:00,13.2619622140712
"425",2016-10-05 00:00:00,13.0566508489748
"426",2016-10-06 00:00:00,12.8261284611255
"427",2016-10-07 00:00:00,12.6556792785081
"428",2016-10-08 00:00:00,12.1758749629134
"429",2016-10-09 00:00:00,12.0295192279769
"430",2016-10-10 00:00:00,11.8378320895917
"431",2016-10-11 00:00:00,11.7502672737626
"432",2016-10-12 00:00:00,11.8546876604043
"433",2016-10-13 00:00:00,11.9606422084788
"434",2016-10-14 00:00:00,11.9160894745494
"435",2016-10-15 00:00:00,11.9446051650069
"436",2016-10-16 00:00:00,11.9303133888854
"437",2016-10-17 00:00:00,11.9749843985397
"438",2016-10-18 00:00:00,12.509511262679
"439",2016-10-19 00:00:00,11.973806158361
"440",2016-10-20 00:00:00,12.0165220791257
"441",2016-10-21 00:00:00,12.0905759728404
"442",2016-10-22 00:00:00,12.0450382783045
"443",2016-10-23 00:00:00,11.9338004104336
"444",2016-10-24 00:00:00,11.8905354505411
"445",2016-10-25 00:00:00,11.2727115259605
"446",2016-10-26 00:00:00,11.4972573702069
"447",2016-10-27 00:00:00,11.456673402614
"448",2016-10-28 00:00:00,11.5235843760278
"449",2016-10-29 00:00:00,10.3368196844347
"450",2016-10-30 00:00:00,11.1865571589048
"451",2016-10-31 00:00:00,10.8807026004934
"452",2016-11-01 00:00:00,10.7921873792796
"453",2016-11-02 00:00:00,10.7835854011576
"454",2016-11-03 00:00:00,10.8116300978544
"455",2016-11-04 00:00:00,11.1299956588648
"456",2016-11-05 00:00:00,11.0660582599237
"457",2016-11-06 00:00:00,10.9207628438861
"458",2016-11-07 00:00:00,10.8742008294237
"459",2016-11-08 00:00:00,10.8901055013405
"460",2016-11-09 00:00:00,10.6649181628348
"461",2016-11-10 00:00:00,10.519281388267
"462",2016-11-11 00:00:00,10.2930873523134
"463",2016-11-12 00:00:00,9.66432524131005
"464",2016-11-13 00:00:00,10.1107194597282
"465",2016-11-14 00:00:00,9.99165280426691
"466",2016-11-15 00:00:00,10.2000838568012
"467",2016-11-16 00:00:00,10.025367620098
"468",2016-11-17 00:00:00,9.96397798540216
"469",2016-11-18 00:00:00,9.45369736804511
"470",2016-11-19 00:00:00,9.66730580728121
"471",2016-11-20 00:00:00,9.530496491167
"472",2016-11-21 00:00:00,9.57590793252232
"473",2016-11-22 00:00:00,9.81249150160966
"474",2016-11-23 00:00:00,9.75349313303338
"475",2016-11-24 00:00:00,9.1809974161927
"476",2016-11-25 00:00:00,9.33511689382311
"477",2016-11-26 00:00:00,9.28830618652696
"478",2016-11-27 00:00:00,8.90740268341772
"479",2016-11-28 00:00:00,8.70845246717361
"480",2016-11-29 00:00:00,8.1584943157108
"481",2016-11-30 00:00:00,8.65015404745761
"482",2016-12-01 00:00:00,8.43978543870265
"483",2016-12-02 00:00:00,7.63791796506898
"484",2016-12-03 00:00:00,7.8926228370221
"485",2016-12-04 00:00:00,7.46913218983033
"486",2016-12-05 00:00:00,6.81560922208706
"487",2016-12-06 00:00:00,7.63191615724679
"488",2016-12-07 00:00:00,8.13507798254848
"489",2016-12-08 00:00:00,8.3025963384631
"490",2016-12-09 00:00:00,8.50490048456359
"491",2016-12-10 00:00:00,8.09858550134226
"492",2016-12-11 00:00:00,8.2149858231045
"493",2016-12-12 00:00:00,8.47251170850841
"494",2016-12-13 00:00:00,8.35100726243699
"495",2016-12-14 00:00:00,8.20785310439885
"496",2016-12-15 00:00:00,7.77035796975513
"497",2016-12-16 00:00:00,7.79662683171717
"498",2016-12-17 00:00:00,7.82028270106217
"499",2016-12-18 00:00:00,7.85618561271542
"500",2016-12-19 00:00:00,7.5922361645493
"501",2016-12-20 00:00:00,7.6237837213409
"502",2016-12-21 00:00:00,7.85609940055724
"503",2016-12-22 00:00:00,7.57564374405349
"504",2016-12-23 00:00:00,7.20180573230859
"505",2016-12-24 00:00:00,7.2227628476532
"506",2016-12-25 00:00:00,7.21323415909156
"507",2016-12-26 00:00:00,7.26847537815822
"508",2016-12-27 00:00:00,7.1718065941777
"509",2016-12-28 00:00:00,7.61330773635694
"510",2016-12-29 00:00:00,8.17232905676351
"511",2016-12-30 00:00:00,8.15378652716307
"512",2016-12-31 00:00:00,8.0108522354174
"513",2017-01-01 00:00:00,8.06478998945969
"514",2017-01-02 00:00:00,8.3612861607287
"515",2017-01-03 00:00:00,9.62679238498809
"516",2017-01-04 00:00:00,10.9722528530861
"517",2017-01-05 00:00:00,10.1152542418831
"518",2017-01-06 00:00:00,10.1546583048127
"519",2017-01-07 00:00:00,9.82427886946307
"520",2017-01-08 00:00:00,10.2678367013348
"521",2017-01-09 00:00:00,10.2859559703756
"522",2017-01-10 00:00:00,10.5236507137627
"523",2017-01-11 00:00:00,9.66169387375644
"524",2017-01-12 00:00:00,9.66715894243992
"525",2017-01-13 00:00:00,9.65080511885649
"526",2017-01-14 00:00:00,9.69526275179494
"527",2017-01-15 00:00:00,9.78592338554358
"528",2017-01-16 00:00:00,9.5212839167112
"529",2017-01-17 00:00:00,10.2584582961319
"530",2017-01-18 00:00:00,10.1255377409459
"531",2017-01-19 00:00:00,10.3853061735965
"532",2017-01-20 00:00:00,10.5499605595358
"533",2017-01-21 00:00:00,10.8726339939484
"534",2017-01-22 00:00:00,10.7453560491185
"535",2017-01-23 00:00:00,10.7510244024507
"536",2017-01-24 00:00:00,10.3990872484024
"537",2017-01-25 00:00:00,10.4716712315037
"538",2017-01-26 00:00:00,10.5552558772882
"539",2017-01-27 00:00:00,10.5099790924544
"540",2017-01-28 00:00:00,10.5549629538153
"541",2017-01-29 00:00:00,10.4304425953359
"542",2017-01-30 00:00:00,10.5704112983871
"543",2017-01-31 00:00:00,10.6772980233632
"544",2017-02-01 00:00:00,10.7009894182225
"545",2017-02-02 00:00:00,10.8104610869481
"546",2017-02-03 00:00:00,10.9376855791548
"547",2017-02-04 00:00:00,11.3333158610252
"548",2017-02-05 00:00:00,11.2422388379622
"549",2017-02-06 00:00:00,11.2940161309842
"550",2017-02-07 00:00:00,11.4331674402553
"551",2017-02-08 00:00:00,11.3351530111358
"552",2017-02-09 00:00:00,10.9149639498315
"553",2017-02-10 00:00:00,11.2756406443618
"554",2017-02-11 00:00:00,11.3991253715006
"555",2017-02-12 00:00:00,11.354164564645
"556",2017-02-13 00:00:00,11.2819470152456
"557",2017-02-14 00:00:00,12.9721450459665
"558",2017-02-15 00:00:00,12.9347160092433
"559",2017-02-16 00:00:00,12.8359687989931
"560",2017-02-17 00:00:00,12.7034838481457
"561",2017-02-18 00:00:00,12.8162853320133
"562",2017-02-19 00:00:00,12.7754456033275
"563",2017-02-20 00:00:00,12.7502237745374
"564",2017-02-21 00:00:00,12.7361409404986
"565",2017-02-22 00:00:00,12.6002964054314
"566",2017-02-23 00:00:00,13.1551654573788
"567",2017-02-24 00:00:00,13.0718712311787
"568",2017-02-25 00:00:00,13.5469386081096
"569",2017-02-26 00:00:00,14.5476761889979
"570",2017-02-27 00:00:00,15.358690360839
"571",2017-02-28 00:00:00,15.7027812319008
"572",2017-03-01 00:00:00,17.1680297116384
"573",2017-03-02 00:00:00,18.9935817926742
"574",2017-03-03 00:00:00,19.5857494805312
"575",2017-03-04 00:00:00,18.6386734525836
"576",2017-03-05 00:00:00,19.2473646599868
"577",2017-03-06 00:00:00,19.6707056140042
"578",2017-03-07 00:00:00,18.8273333206612
"579",2017-03-08 00:00:00,16.7497435780077
"580",2017-03-09 00:00:00,17.6321288184817
"581",2017-03-10 00:00:00,19.2635904282106
"582",2017-03-11 00:00:00,21.3964132255855
"583",2017-03-12 00:00:00,23.0988479582744
"584",2017-03-13 00:00:00,28.4460651994335
"585",2017-03-14 00:00:00,28.536664591277
"586",2017-03-15 00:00:00,34.1973642074162
"587",2017-03-16 00:00:00,39.8618560708527
"588",2017-03-17 00:00:00,44.0672959886321
"589",2017-03-18 00:00:00,32.2679852661872
"590",2017-03-19 00:00:00,44.0887974957908
"591",2017-03-20 00:00:00,41.8636928825912
"592",2017-03-21 00:00:00,42.4784580139906
"593",2017-03-22 00:00:00,41.2626125371829
"594",2017-03-23 00:00:00,43.2749299795556
"595",2017-03-24 00:00:00,50.894791438931
"596",2017-03-25 00:00:00,50.6789664878884
"597",2017-03-26 00:00:00,50.0494542142374
"598",2017-03-27 00:00:00,49.0171138030372
"599",2017-03-28 00:00:00,50.2595428643305
"600",2017-03-29 00:00:00,52.8437942646134
"601",2017-03-30 00:00:00,52.3131752090198
"602",2017-03-31 00:00:00,49.9646672803426
"603",2017-04-01 00:00:00,50.4257876072325
"604",2017-04-02 00:00:00,48.3784672768356
"605",2017-04-03 00:00:00,43.5792399591275
"606",2017-04-04 00:00:00,41.7977950458305
"607",2017-04-05 00:00:00,45.5902950523518
"608",2017-04-06 00:00:00,42.9785252122279
"609",2017-04-07 00:00:00,42.401376656211
"610",2017-04-08 00:00:00,44.5012843871891
"611",2017-04-09 00:00:00,44.1907610730727
"612",2017-04-10 00:00:00,43.905341289587
"613",2017-04-11 00:00:00,43.8588948388299
"614",2017-04-12 00:00:00,46.197883489517
"615",2017-04-13 00:00:00,49.7503375730287
"616",2017-04-14 00:00:00,47.5620517215933
"617",2017-04-15 00:00:00,49.1227934116998
"618",2017-04-16 00:00:00,48.7087192786735
"619",2017-04-17 00:00:00,48.3464178115576
"620",2017-04-18 00:00:00,50.7591708188005
"621",2017-04-19 00:00:00,48.1594963219902
"622",2017-04-20 00:00:00,50.0652536491824
"623",2017-04-21 00:00:00,48.8017357124764
"624",2017-04-22 00:00:00,49.0798706465032
"625",2017-04-23 00:00:00,50.6087134840878
"626",2017-04-24 00:00:00,51.097418639012
"627",2017-04-25 00:00:00,50.9737554748134
"628",2017-04-26 00:00:00,54.8781785667716
"629",2017-04-27 00:00:00,63.9573537625687
"630",2017-04-28 00:00:00,73.0109629151518
"631",2017-04-29 00:00:00,70.4515382476622
"632",2017-04-30 00:00:00,79.8025539393512
"633",2017-05-01 00:00:00,76.846177801447
"634",2017-05-02 00:00:00,77.3460438693591
"635",2017-05-03 00:00:00,80.9294915785314
"636",2017-05-04 00:00:00,94.1122651991776
"637",2017-05-05 00:00:00,91.1603871375375
"638",2017-05-06 00:00:00,96.4276796519539
"639",2017-05-07 00:00:00,89.7396794791468
"640",2017-05-08 00:00:00,87.948120051968
"641",2017-05-09 00:00:00,87.5024439078014
"642",2017-05-10 00:00:00,88.4105888685177
"643",2017-05-11 00:00:00,88.456648743493
"644",2017-05-12 00:00:00,88.1810914932562
"645",2017-05-13 00:00:00,89.138931677714
"646",2017-05-14 00:00:00,90.0550405639578
"647",2017-05-15 00:00:00,90.5041315992243
"648",2017-05-16 00:00:00,87.0914855844451
"649",2017-05-17 00:00:00,88.2131675138191
"650",2017-05-18 00:00:00,96.625846229828
"651",2017-05-19 00:00:00,122.162782992585
"652",2017-05-20 00:00:00,123.028203058042
"653",2017-05-21 00:00:00,148.657320479839
"654",2017-05-22 00:00:00,153.990063807277
"655",2017-05-23 00:00:00,171.080028321718
"656",2017-05-24 00:00:00,190.425813171461
"657",2017-05-25 00:00:00,176.817815078867
"658",2017-05-26 00:00:00,162.9444863855
"659",2017-05-27 00:00:00,159.055247642337
"660",2017-05-28 00:00:00,172.340669935633
"661",2017-05-29 00:00:00,196.078593338694
"662",2017-05-30 00:00:00,230.798371391214
"663",2017-05-31 00:00:00,231.372126712711
"664",2017-06-01 00:00:00,221.82807122254
"665",2017-06-02 00:00:00,224.316705485945
"666",2017-06-03 00:00:00,225.397594434852
"667",2017-06-04 00:00:00,247.427541084834
"668",2017-06-05 00:00:00,248.930125232092
"669",2017-06-06 00:00:00,266.139708067044
"670",2017-06-07 00:00:00,256.218923370636
"671",2017-06-08 00:00:00,260.341509747736
"672",2017-06-09 00:00:00,280.333547997722
"673",2017-06-10 00:00:00,337.792175458707
"674",2017-06-11 00:00:00,341.07964891855
"675",2017-06-12 00:00:00,398.430785084595
"676",2017-06-13 00:00:00,389.94482217755
"677",2017-06-14 00:00:00,347.781357722275
"678",2017-06-15 00:00:00,346.369069942617
"679",2017-06-16 00:00:00,358.284516867638
"680",2017-06-17 00:00:00,372.35701101857
"681",2017-06-18 00:00:00,359.438712113522
"682",2017-06-19 00:00:00,362.04428913706
"683",2017-06-20 00:00:00,358.053231064709
"684",2017-06-21 00:00:00,327.890935694268
"685",2017-06-22 00:00:00,326.959813974164
"686",2017-06-23 00:00:00,331.913805148966
"687",2017-06-24 00:00:00,310.05462840597
"688",2017-06-25 00:00:00,288.047026265349
"689",2017-06-26 00:00:00,258.919462734546
"690",2017-06-27 00:00:00,280.813014678834
"691",2017-06-28 00:00:00,317.293677472432
"692",2017-06-29 00:00:00,300.182152561986
"693",2017-06-30 00:00:00,284.691083288485
"694",2017-07-01 00:00:00,262.478073358598
"695",2017-07-02 00:00:00,286.133607009987
"696",2017-07-03 00:00:00,278.59719533811
"697",2017-07-04 00:00:00,269.736630578169
"698",2017-07-05 00:00:00,265.93694546552
"699",2017-07-06 00:00:00,267.469723647602
"700",2017-07-07 00:00:00,241.476620529839
"701",2017-07-08 00:00:00,246.214970973274
"702",2017-07-09 00:00:00,238.754318490817
"703",2017-07-10 00:00:00,210.528197279841
"704",2017-07-11 00:00:00,194.33493649004
"705",2017-07-12 00:00:00,222.138856172315
"706",2017-07-13 00:00:00,206.413250428135
"707",2017-07-14 00:00:00,197.969452362477
"708",2017-07-15 00:00:00,171.777440944933
"709",2017-07-16 00:00:00,156.468991628989
"710",2017-07-17 00:00:00,188.352777348657
"711",2017-07-18 00:00:00,228.503280036673
"712",2017-07-19 00:00:00,199.590515532647
"713",2017-07-20 00:00:00,223.461348387258
"714",2017-07-21 00:00:00,217.086473958344
"715",2017-07-22 00:00:00,231.143528942951
"716",2017-07-23 00:00:00,226.718599284853
"717",2017-07-24 00:00:00,224.913407093421
"718",2017-07-25 00:00:00,206.81050478775
"719",2017-07-26 00:00:00,200.328555800979
"720",2017-07-27 00:00:00,203.189321781583
"721",2017-07-28 00:00:00,192.585683905776
"722",2017-07-29 00:00:00,205.511119197115
"723",2017-07-30 00:00:00,197.198963479782
"724",2017-07-31 00:00:00,203.287196341791
"725",2017-08-01 00:00:00,227.080567050386
"726",2017-08-02 00:00:00,219.057929267624
"727",2017-08-03 00:00:00,224.867956576597
"728",2017-08-04 00:00:00,221.674959530189
"729",2017-08-05 00:00:00,253.155666123301
"730",2017-08-06 00:00:00,263.222086163824
"731",2017-08-07 00:00:00,268.496629034775
"732",2017-08-08 00:00:00,295.147098316728
"733",2017-08-09 00:00:00,297.069604819741
"734",2017-08-10 00:00:00,296.776724075782
"735",2017-08-11 00:00:00,306.826433219032
"736",2017-08-12 00:00:00,308.625531335255
"737",2017-08-13 00:00:00,297.1598027472
"738",2017-08-14 00:00:00,296.397289524463
"739",2017-08-15 00:00:00,288.450767172336
"740",2017-08-16 00:00:00,300.039329408239
"741",2017-08-17 00:00:00,300.570343760403
"742",2017-08-18 00:00:00,296.114635373622
"743",2017-08-19 00:00:00,296.62208951838
"744",2017-08-20 00:00:00,295.171577327713
"745",2017-08-21 00:00:00,322.201220136444
"746",2017-08-22 00:00:00,312.174470557412
"747",2017-08-23 00:00:00,316.788920210744
"748",2017-08-24 00:00:00,321.785298404924
"749",2017-08-25 00:00:00,329.025280992982
"750",2017-08-26 00:00:00,329.865782624422
"751",2017-08-27 00:00:00,343.341337128141
"752",2017-08-28 00:00:00,344.201131420942
"753",2017-08-29 00:00:00,366.809589912788
"754",2017-08-30 00:00:00,378.906330734692
"755",2017-08-31 00:00:00,382.934450754573
"756",2017-09-01 00:00:00,386.343057000936
"757",2017-09-02 00:00:00,346.39877548689
"758",2017-09-03 00:00:00,349.929240441145
"759",2017-09-04 00:00:00,299.717331885549
"760",2017-09-05 00:00:00,318.972804115872
"761",2017-09-06 00:00:00,333.20632999273
"762",2017-09-07 00:00:00,329.41566251763
"763",2017-09-08 00:00:00,304.475108268024
"764",2017-09-09 00:00:00,299.694444470565
"765",2017-09-10 00:00:00,292.779656785687
"766",2017-09-11 00:00:00,296.475398843291
"767",2017-09-12 00:00:00,290.586531959069
"768",2017-09-13 00:00:00,277.33365793127
"769",2017-09-14 00:00:00,214.311713633498
"770",2017-09-15 00:00:00,246.92185728713
"771",2017-09-16 00:00:00,244.805611752882
"772",2017-09-17 00:00:00,249.666545975028
"773",2017-09-18 00:00:00,287.961095688773
"774",2017-09-19 00:00:00,280.445632342079
"775",2017-09-20 00:00:00,279.417649210852
"776",2017-09-21 00:00:00,257.465074465559
"777",2017-09-22 00:00:00,263.469773683734
"778",2017-09-23 00:00:00,283.222158993351
"779",2017-09-24 00:00:00,280.681044734602
"780",2017-09-25 00:00:00,288.085700941758
"781",2017-09-26 00:00:00,283.929453072659
"782",2017-09-27 00:00:00,302.151845351676
"783",2017-09-28 00:00:00,294.313838011738
"784",2017-09-29 00:00:00,288.114596898681
"785",2017-09-30 00:00:00,297.268935570025
"786",2017-10-01 00:00:00,299.674889023615
"787",2017-10-02 00:00:00,295.840029739486
"788",2017-10-03 00:00:00,292.210720699258
"789",2017-10-04 00:00:00,293.035702785831
"790",2017-10-05 00:00:00,293.719346120486
"791",2017-10-06 00:00:00,307.708980555956
"792",2017-10-07 00:00:00,309.598249124028
"793",2017-10-08 00:00:00,307.058136873899
"794",2017-10-09 00:00:00,295.901045084102
"795",2017-10-10 00:00:00,299.917011364728
"796",2017-10-11 00:00:00,303.247466535371
"797",2017-10-12 00:00:00,302.019997680508
"798",2017-10-13 00:00:00,337.95261343403
"799",2017-10-14 00:00:00,335.338244829814
"800",2017-10-15 00:00:00,335.391354986365
"801",2017-10-16 00:00:00,331.967214731027
"802",2017-10-17 00:00:00,317.898212514702
"803",2017-10-18 00:00:00,314.456554240651
"804",2017-10-19 00:00:00,308.474683928234
"805",2017-10-20 00:00:00,302.35649692557
"806",2017-10-21 00:00:00,300.693845962283
"807",2017-10-22 00:00:00,295.488247910515
"808",2017-10-23 00:00:00,289.414025123758
"809",2017-10-24 00:00:00,298.755734307733
"810",2017-10-25 00:00:00,298.483966821505
"811",2017-10-26 00:00:00,295.707854618994
"812",2017-10-27 00:00:00,297.929129693004
"813",2017-10-28 00:00:00,296.46495290716
"814",2017-10-29 00:00:00,303.741130400488
"815",2017-10-30 00:00:00,306.249461533892
"816",2017-10-31 00:00:00,303.542117028514
"817",2017-11-01 00:00:00,292.330538728654
"818",2017-11-02 00:00:00,287.069668745883
"819",2017-11-03 00:00:00,305.84327267892
"820",2017-11-04 00:00:00,299.954910352295
"821",2017-11-05 00:00:00,297.517323105264
"822",2017-11-06 00:00:00,301.370794552855
"823",2017-11-07 00:00:00,295.235113382657
"824",2017-11-08 00:00:00,308.933986635726
"825",2017-11-09 00:00:00,322.329520483589
"826",2017-11-10 00:00:00,301.354933352775
"827",2017-11-11 00:00:00,316.258341960427
"828",2017-11-12 00:00:00,314.166127707269
"829",2017-11-13 00:00:00,315.343956371888
"830",2017-11-14 00:00:00,338.937627406501
"831",2017-11-15 00:00:00,334.286932546348
"832",2017-11-16 00:00:00,330.021315646911
"833",2017-11-17 00:00:00,333.351255037181
"834",2017-11-18 00:00:00,348.74721545667
"835",2017-11-19 00:00:00,353.43572964676
"836",2017-11-20 00:00:00,365.786815977961
"837",2017-11-21 00:00:00,361.055822571048
"838",2017-11-22 00:00:00,379.409057274538
"839",2017-11-23 00:00:00,412.557611501513
"840",2017-11-24 00:00:00,475.002014978137
"841",2017-11-25 00:00:00,467.446390045639
"842",2017-11-26 00:00:00,468.998099373249
"843",2017-11-27 00:00:00,484.362624150733
"844",2017-11-28 00:00:00,474.182894748523
"845",2017-11-29 00:00:00,428.345443336342
"846",2017-11-30 00:00:00,454.160981519821
"847",2017-12-01 00:00:00,469.863479570669
"848",2017-12-02 00:00:00,469.857050536754
"849",2017-12-03 00:00:00,461.880481908051
"850",2017-12-04 00:00:00,472.252735495896
"851",2017-12-05 00:00:00,467.016662982671
"852",2017-12-06 00:00:00,448.328222164605
"853",2017-12-07 00:00:00,451.825581860168
"854",2017-12-08 00:00:00,467.881662612901
"855",2017-12-09 00:00:00,482.035518858509
"856",2017-12-10 00:00:00,446.691058078548
"857",2017-12-11 00:00:00,509.000876237775
"858",2017-12-12 00:00:00,661.841332287634
"859",2017-12-13 00:00:00,709.883193572531
"860",2017-12-14 00:00:00,704.621843737326
"861",2017-12-15 00:00:00,693.09706413276
"862",2017-12-16 00:00:00,702.244612799479
"863",2017-12-17 00:00:00,728.700471211578
"864",2017-12-18 00:00:00,798.115404033608
"865",2017-12-19 00:00:00,829.989201766042
"866",2017-12-20 00:00:00,813.403602277568
"867",2017-12-21 00:00:00,812.885159103535
"868",2017-12-22 00:00:00,669.276492289395
"869",2017-12-23 00:00:00,715.719068265809
"870",2017-12-24 00:00:00,686.208308919806
"871",2017-12-25 00:00:00,733.902545910265
"872",2017-12-26 00:00:00,774.110198124999
"873",2017-12-27 00:00:00,764.967062014162
"874",2017-12-28 00:00:00,736.840047017461
"875",2017-12-29 00:00:00,755.343641318154
"876",2017-12-30 00:00:00,736.909191519636
"877",2017-12-31 00:00:00,774.696255457107
"878",2018-01-01 00:00:00,776.080330355968
"879",2018-01-02 00:00:00,876.890258814416
"880",2018-01-03 00:00:00,963.055750690351
"881",2018-01-04 00:00:00,978.416104183522
"882",2018-01-05 00:00:00,1004.89497226256
"883",2018-01-06 00:00:00,1052.02336010703
"884",2018-01-07 00:00:00,1137.65491889018
"885",2018-01-08 00:00:00,1184.92393027798
"886",2018-01-09 00:00:00,1361.43966827871
"887",2018-01-10 00:00:00,1345.58760173759
"888",2018-01-11 00:00:00,1181.65141003053
"889",2018-01-12 00:00:00,1315.61875808398
"890",2018-01-13 00:00:00,1448.1800861342
"891",2018-01-14 00:00:00,1410.00021450852
"892",2018-01-15 00:00:00,1329.67139650434
"893",2018-01-16 00:00:00,1068.60041068942
"894",2018-01-17 00:00:00,1022.36521316997
"895",2018-01-18 00:00:00,1036.07231278803
"896",2018-01-19 00:00:00,1046.89859739587
"897",2018-01-20 00:00:00,1172.91720622395
"898",2018-01-21 00:00:00,1053.63320248004
"899",2018-01-22 00:00:00,1000.38713277883
"900",2018-01-23 00:00:00,991.665320638703
"901",2018-01-24 00:00:00,1056.87923256822
"902",2018-01-25 00:00:00,1059.31549602648
"903",2018-01-26 00:00:00,1048.79890584348
"904",2018-01-27 00:00:00,1095.78251428928
"905",2018-01-28 00:00:00,1237.3241758468
"906",2018-01-29 00:00:00,1169.63425691934
"907",2018-01-30 00:05:11,1161.90864309943
"908",2018-01-31 00:00:00,1058.0960529663
"909",2018-02-01 00:00:00,1106.13817235527
"910",2018-02-02 00:00:00,1021.26937865341
"911",2018-02-03 00:00:00,914.638842502154
"912",2018-02-04 00:00:00,941.803229518524
"913",2018-02-05 00:00:00,834.889170333336
"914",2018-02-06 00:00:00,684.313339726674
"915",2018-02-07 00:00:00,785.738915504987
"916",2018-02-08 00:05:23,751.887889366161
"917",2018-02-09 00:00:00,807.822750515496
"918",2018-02-10 00:00:00,871.326882943267
"919",2018-02-11 00:00:00,854.349878421732
"920",2018-02-12 00:00:00,817.2905243571
"921",2018-02-13 00:00:00,862.748772590294
"922",2018-02-14 00:00:00,833.779183729584
"923",2018-02-15 00:00:00,915.076543018882
"924",2018-02-16 00:00:00,928.293521404519
"925",2018-02-17 00:00:00,934.676710452754
"926",2018-02-18 00:00:00,964.276507910734
"927",2018-02-19 00:00:00,915.092046936025
"928",2018-02-20 00:00:00,928.290242545768
"929",2018-02-21 00:00:00,902.969055438509
"930",2018-02-22 00:00:00,809.129659708321
"931",2018-02-23 00:00:00,812.446862617747
"932",2018-02-24 00:00:00,864.669753621258
"933",2018-02-25 00:00:00,828.72339898867
"934",2018-02-26 00:00:00,842.628024751917
"935",2018-02-27 00:00:00,863.650275237883
"936",2018-02-28 00:00:00,869.26324382497
"937",2018-03-01 00:00:00,846.365211796079
"938",2018-03-02 00:00:00,855.678779730512
"939",2018-03-03 00:00:00,850.442989581016
"940",2018-03-04 00:00:00,844.255253517592
"941",2018-03-05 00:00:00,843.75657630987
"942",2018-03-06 00:00:00,840.150995464249
"943",2018-03-07 00:00:00,808.449133224633
"944",2018-03-08 00:00:00,752.593171247413
"945",2018-03-09 00:00:00,699.189898486614
"946",2018-03-10 00:00:00,710.891653266621
"947",2018-03-11 00:00:00,684.934340074043
"948",2018-03-12 00:00:00,713.195330001752
"949",2018-03-13 00:00:00,695.314203022213
"950",2018-03-14 00:00:00,684.64158436604
"951",2018-03-15 00:00:00,608.39314884995
"952",2018-03-16 00:00:00,612.443539719769
"953",2018-03-17 00:00:00,607.879487479319
"954",2018-03-18 00:00:00,560.109433084029
"955",2018-03-19 00:00:00,538.690590054303
"956",2018-03-20 00:00:00,555.077548237398
"957",2018-03-21 00:00:00,554.20982598349
"958",2018-03-22 00:00:00,561.146534224728
"959",2018-03-23 00:00:00,537.705972438083
"960",2018-03-24 00:00:00,538.109029163154
"961",2018-03-25 00:00:00,519.485599839803
"962",2018-03-26 00:00:00,519.378044591539
"963",2018-03-27 00:00:00,487.539612055399
"964",2018-03-28 00:00:00,449.052252492076
"965",2018-03-29 00:00:00,443.949100957875
"966",2018-03-30 00:00:00,385.327095668864
"967",2018-03-31 00:00:00,395.326263290618
"968",2018-04-01 00:00:00,395.796380957821
"969",2018-04-02 00:00:00,379.123513411008
"970",2018-04-03 00:00:00,384.825982288164
"971",2018-04-04 00:00:00,415.716233970338
"972",2018-04-05 00:00:00,380.281959591207
"973",2018-04-06 00:00:00,384.464485446188
"974",2018-04-07 00:00:00,369.91389766932
"975",2018-04-08 00:00:00,383.446360882735
"976",2018-04-09 00:00:00,396.98175550697
"977",2018-04-10 00:00:00,398.773355021075
"978",2018-04-11 00:00:00,412.689345626692
"979",2018-04-12 00:00:00,427.384946007848
"980",2018-04-13 00:00:00,488.605489344349
"981",2018-04-14 00:00:00,488.992181267086
"982",2018-04-15 00:00:00,495.11291363236
"983",2018-04-16 00:00:00,525.527444539875
"984",2018-04-17 00:00:00,507.11031309583
"985",2018-04-18 00:00:00,498.467007649509
"986",2018-04-19 00:00:00,517.374043195974
"987",2018-04-20 00:00:00,566.392083851278
"988",2018-04-21 00:00:00,590.27192246768
"989",2018-04-22 00:00:00,600.259676773321
"990",2018-04-23 00:00:00,617.202407885573
"991",2018-04-24 00:00:00,636.367163896596
"992",2018-04-25 00:00:00,705.027644844303
"993",2018-04-26 00:00:00,613.726725290663
"994",2018-04-27 00:00:00,657.057793485155
"995",2018-04-28 00:00:00,641.993605622533
"996",2018-04-29 00:00:00,672.596936827454
"997",2018-04-30 00:00:00,680.120495388659
"998",2018-05-01 00:00:00,662.732735837356
"999",2018-05-02 00:00:00,665.225786141308
"1000",2018-05-03 00:00:00,676.552563938884
"1001",2018-05-04 00:00:00,781.425780474729
"1002",2018-05-05 00:00:00,777.907647017985
"1003",2018-05-06 00:00:00,807.067329163728
"1004",2018-05-07 00:00:00,785.89274351052
"1005",2018-05-08 00:00:00,748.813141393807
"1006",2018-05-09 00:00:00,744.324825719356
"1007",2018-05-10 00:00:00,743.639815739903
"1008",2018-05-11 00:00:00,717.412874363359
"1009",2018-05-12 00:00:00,675.291752502206
"1010",2018-05-13 00:00:00,683.170267613107
"1011",2018-05-14 00:00:00,726.87191052558
"1012",2018-05-15 00:00:00,727.802681642788
"1013",2018-05-16 00:00:00,703.155681458417
"1014",2018-05-17 00:00:00,702.453118704604
"1015",2018-05-18 00:00:00,665.627531337015
"1016",2018-05-19 00:00:00,686.213268725735
"1017",2018-05-20 00:00:00,685.846753978995
"1018",2018-05-21 00:00:00,703.814666649231
"1019",2018-05-22 00:00:00,688.913221229528
"1020",2018-05-23 00:00:00,641.100351142317
"1021",2018-05-24 00:00:00,581.241188057267
"1022",2018-05-25 00:00:00,597.848771866914
"1023",2018-05-26 00:00:00,582.279386283226
"1024",2018-05-27 00:00:00,580.48345978695
"1025",2018-05-28 00:00:00,565.926064802452
"1026",2018-05-29 00:00:00,511.615880410769
"1027",2018-05-30 00:00:00,561.740661450955
"1028",2018-05-31 00:00:00,555.349150979011
"1029",2018-06-01 00:00:00,571.727113499447
"1030",2018-06-02 00:00:00,573.833550484278
"1031",2018-06-03 00:00:00,583.13163921503
"1032",2018-06-04 00:00:00,609.294674734237
"1033",2018-06-05 00:00:00,586.575976046729
"1034",2018-06-06 00:00:00,600.678279038693
"1035",2018-06-07 00:00:00,598.21609846407
"1036",2018-06-08 00:00:00,595.126140672999
"1037",2018-06-09 00:00:00,590.498145166373
"1038",2018-06-10 00:00:00,581.121249680359
"1039",2018-06-11 00:00:00,522.998038670737
"1040",2018-06-12 00:00:00,529.130829752811
"1041",2018-06-13 00:00:00,495.076355861106
"1042",2018-06-14 00:00:00,474.859113036495
"1043",2018-06-15 00:00:00,516.644170370744
"1044",2018-06-16 00:00:00,485.432836515915
"1045",2018-06-17 00:00:00,493.067858065315
"1046",2018-06-18 00:00:00,491.400275979234
"1047",2018-06-19 00:00:00,512.428852466986
"1048",2018-06-20 00:00:00,532.003913361057
"1049",2018-06-21 00:00:00,529.76304656852
"1050",2018-06-22 00:00:00,520.667164514144
"1051",2018-06-23 00:00:00,463.940828652204
"1052",2018-06-24 00:00:00,472.977264761535
"1053",2018-06-25 00:00:00,455.718430630667
"1054",2018-06-26 00:00:00,458.925801240674
"1055",2018-06-27 00:00:00,430.601784410476
"1056",2018-06-28 00:00:00,437.876537473008
"1057",2018-06-29 00:00:00,420.862124163979
"1058",2018-06-30 00:00:00,432.507220490915
"1059",2018-07-01 00:00:00,449.430045071851
"1060",2018-07-02 00:00:00,447.680550573562
"1061",2018-07-03 00:00:00,472.31165843777
"1062",2018-07-04 00:00:00,459.698723540742
"1063",2018-07-05 00:00:00,463.222208304908
"1064",2018-07-06 00:00:00,466.879480100756
"1065",2018-07-07 00:00:00,467.590114492725
"1066",2018-07-08 00:00:00,481.523823511904
"1067",2018-07-09 00:00:00,483.804030775105
"1068",2018-07-10 00:00:00,469.702229373221
"1069",2018-07-11 00:00:00,431.764454462774
"1070",2018-07-12 00:00:00,443.025430426466
"1071",2018-07-13 00:00:00,427.792244363913
"1072",2018-07-14 00:00:00,431.266939712935
"1073",2018-07-15 00:00:00,431.784568418258
"1074",2018-07-16 00:00:00,446.609520868223
"1075",2018-07-17 00:00:00,478.208506960978
"1076",2018-07-18 00:00:00,497.17754608492
"1077",2018-07-19 00:00:00,475.990157907611
"1078",2018-07-20 00:00:00,464.78994267592
"1079",2018-07-21 00:00:00,447.203290931922
"1080",2018-07-22 00:00:00,458.079028358736
"1081",2018-07-23 00:00:00,455.533201932615
"1082",2018-07-24 00:00:00,447.921379125619
"1083",2018-07-25 00:00:00,477.209271679716
"1084",2018-07-26 00:00:00,468.737492321715
"1085",2018-07-27 00:00:00,460.86933392607
"1086",2018-07-28 00:00:00,467.957926552038
"1087",2018-07-29 00:00:00,465.899155265744
"1088",2018-07-30 00:00:00,466.419229115593
"1089",2018-07-31 00:00:00,458.080921209812
"1090",2018-08-01 00:00:00,432.35011792197
"1091",2018-08-02 00:00:00,417.275406766282
"1092",2018-08-03 00:00:00,410.925133106958
"1093",2018-08-04 00:00:00,417.355393227923
"1094",2018-08-05 00:00:00,406.883991195913
"1095",2018-08-06 00:00:00,409.164935404609
"1096",2018-08-07 00:00:00,404.817197891299
"1097",2018-08-08 00:00:00,377.750901147851
"1098",2018-08-09 00:00:00,353.646122926677
"1099",2018-08-10 00:00:00,363.685179862193
"1100",2018-08-11 00:00:00,332.492433115495
"1101",2018-08-12 00:00:00,317.314477428582
"1102",2018-08-13 00:00:00,317.956113078779
"1103",2018-08-14 00:00:00,284.958664657759
"1104",2018-08-15 00:00:00,277.746016618428
"1105",2018-08-16 00:00:00,281.141193135603
"1106",2018-08-17 00:00:00,286.320221436942
"1107",2018-08-18 00:00:00,314.793252726596
"1108",2018-08-19 00:00:00,293.176991777904
"1109",2018-08-20 00:00:00,299.435122563047
"1110",2018-08-21 00:00:00,271.06155217806
"1111",2018-08-22 00:00:00,280.374717145087
"1112",2018-08-23 00:00:00,269.248399429105
"1113",2018-08-24 00:00:00,275.808385070291
"1114",2018-08-25 00:00:00,281.734642001411
"1115",2018-08-26 00:00:00,277.966710569815
"1116",2018-08-27 00:00:00,273.503414188103
"1117",2018-08-28 00:00:00,286.96110376035
"1118",2018-08-29 00:00:00,296.296127636858
"1119",2018-08-30 00:00:00,288.505360572465
"1120",2018-08-31 00:00:00,285.102872626923
"1121",2018-09-01 00:00:00,282.223178702215
"1122",2018-09-02 00:00:00,295.646161761696
"1123",2018-09-03 00:00:00,294.585688480136
"1124",2018-09-04 00:00:00,288.852825637707
"1125",2018-09-05 00:00:00,285.485756647121
"1126",2018-09-06 00:00:00,232.595768716832
"1127",2018-09-07 00:00:00,229.37495804863
"1128",2018-09-08 00:00:00,215.432237451887
"1129",2018-09-09 00:00:00,196.865386852283
"1130",2018-09-10 00:00:00,195.877338319902
"1131",2018-09-11 00:00:00,196.361532670626
"1132",2018-09-12 00:00:00,184.082231827041
"1133",2018-09-13 00:00:00,182.94557625329
"1134",2018-09-14 00:00:00,211.826727486526
"1135",2018-09-15 00:00:00,211.383561720455
"1136",2018-09-16 00:00:00,223.053082303903
"1137",2018-09-17 00:00:00,220.141579434694
"1138",2018-09-18 00:00:00,196.576609700265
"1139",2018-09-19 00:00:00,210.150696475182
"1140",2018-09-20 00:00:00,209.142526777626
"1141",2018-09-21 00:00:00,224.380977672938
"1142",2018-09-22 00:00:00,247.410017894528
"1143",2018-09-23 00:00:00,241.843731759241
"1144",2018-09-24 00:00:00,244.784795462919
"1145",2018-09-25 00:00:00,228.340911509075
"1146",2018-09-26 00:00:00,219.504343756919
"1147",2018-09-27 00:00:00,214.979380254328
"1148",2018-09-28 00:00:00,229.221959260255
"1149",2018-09-29 00:00:00,222.229239761749
"1150",2018-09-30 00:00:00,231.735873298289
"1151",2018-10-01 00:00:00,232.781385245625
"1152",2018-10-02 00:00:00,231.143684622744
"1153",2018-10-03 00:00:00,225.794853829345
"1154",2018-10-04 00:00:00,220.474460292281
"1155",2018-10-05 00:00:00,222.195847790646
"1156",2018-10-06 00:00:00,228.036070248939
"1157",2018-10-07 00:00:00,225.068807317671
"1158",2018-10-08 00:00:00,225.658348641303
"1159",2018-10-09 00:00:00,229.524615026298
"1160",2018-10-10 00:00:00,227.968907791778
"1161",2018-10-11 00:00:00,225.662016177462
"1162",2018-10-12 00:00:00,192.001084147723
"1163",2018-10-13 00:00:00,197.068015947416
"1164",2018-10-14 00:00:00,201.053499684299
"1165",2018-10-15 00:00:00,196.318698411614
"1166",2018-10-16 00:00:00,212.203069438727
"1167",2018-10-17 00:00:00,212.44428654743
"1168",2018-10-18 00:00:00,211.082693025027
"1169",2018-10-19 00:00:00,204.3130489293
"1170",2018-10-20 00:00:00,203.97626253062
"1171",2018-10-21 00:00:00,206.882098662305
"1172",2018-10-22 00:00:00,206.30982679591
"1173",2018-10-23 00:00:00,205.037754908764
"1174",2018-10-24 00:00:00,204.083945580568
"1175",2018-10-25 00:00:00,203.522198773809
"1176",2018-10-26 00:00:00,202.353022756955
"1177",2018-10-27 00:00:00,203.384968565264
"1178",2018-10-28 00:00:00,203.187396324221
"1179",2018-10-29 00:00:00,204.722340702208
"1180",2018-10-30 00:00:00,195.751404521185
"1181",2018-10-31 00:00:00,197.44844958499
"1182",2018-11-01 00:00:00,198.639048833661
"1183",2018-11-02 00:00:00,199.122607020731
"1184",2018-11-03 00:00:00,202.282757166662
"1185",2018-11-04 00:00:00,200.136227762559
"1186",2018-11-05 00:00:00,206.814429599596
"1187",2018-11-06 00:00:00,209.108876619787
"1188",2018-11-07 00:00:00,219.160887084309
"1189",2018-11-08 00:00:00,219.015774750768
"1190",2018-11-09 00:00:00,213.407634392345
"1191",2018-11-10 00:00:00,210.790619597523
"1192",2018-11-11 00:00:00,212.965827876995
"1193",2018-11-12 00:00:00,212.473324744156
"1194",2018-11-13 00:00:00,211.656909248752
"1195",2018-11-14 00:00:00,208.582296473859
"1196",2018-11-15 00:00:00,184.022559372466
"1197",2018-11-16 00:00:00,182.448242594831
"1198",2018-11-17 00:00:00,176.022405664532
"1199",2018-11-18 00:00:00,175.667416356101
"1200",2018-11-19 00:00:00,177.728689607412
"1201",2018-11-20 00:00:00,150.391162765725
"1202",2018-11-21 00:00:00,131.476679735108
"1203",2018-11-22 00:00:00,137.173043193402
"1204",2018-11-23 00:00:00,126.066387608454
"1205",2018-11-24 00:00:00,124.150296354158
"1206",2018-11-25 00:00:00,114.287931259425
"1207",2018-11-26 00:00:00,117.525277506349
"1208",2018-11-27 00:00:00,109.430988546889
"1209",2018-11-28 00:00:00,110.434943588661
"1210",2018-11-29 00:00:00,122.446424990817
"1211",2018-11-30 00:00:00,117.705385903664
"1212",2018-12-01 00:00:00,113.402883152264
"1213",2018-12-02 00:00:00,118.100759036737
"1214",2018-12-03 00:00:00,115.944282732438
"1215",2018-12-04 00:00:00,108.676847624258
"1216",2018-12-05 00:00:00,109.851915000979
"1217",2018-12-06 00:00:00,102.511041758523
"1218",2018-12-07 00:00:00,91.1011584558897
"1219",2018-12-08 00:00:00,92.967950171896
"1220",2018-12-09 00:00:00,90.6782560969109
"1221",2018-12-10 00:00:00,93.5301268219943
"1222",2018-12-11 00:00:00,89.8537173079483
"1223",2018-12-12 00:00:00,87.8504107042593
"1224",2018-12-13 00:00:00,89.3779016162295
"1225",2018-12-14 00:00:00,85.9587270635916
"1226",2018-12-15 00:00:00,83.7859623565451
"1227",2018-12-16 00:00:00,83.8335821320138
"1228",2018-12-17 00:00:00,84.4658463972731
"1229",2018-12-18 00:00:00,94.0730683825504
"1230",2018-12-19 00:00:00,100.050025393211
"1231",2018-12-20 00:00:00,99.4915536580776
"1232",2018-12-21 00:00:00,114.429183700388
"1233",2018-12-22 00:00:00,107.853181105176
"1234",2018-12-23 00:00:00,115.045821815302
"1235",2018-12-24 00:00:00,129.206503414129
"1236",2018-12-25 00:00:00,138.957818331915
"1237",2018-12-26 00:00:00,127.637072523482
"1238",2018-12-27 00:00:00,129.51137399263
"1239",2018-12-28 00:00:00,114.101363550655
"1240",2018-12-29 00:00:00,134.019939520351
"1241",2018-12-30 00:00:00,138.754266611976
"1242",2018-12-31 00:00:00,137.631692979146
"1243",2019-01-01 00:00:00,131.458724656038
"1244",2019-01-02 00:00:00,138.144802205352
"1245",2019-01-03 00:00:00,152.860452713213
"1246",2019-01-04 00:00:00,146.730599434122
"1247",2019-01-05 00:00:00,153.056566930774
"1248",2019-01-06 00:00:00,153.65187149457
"1249",2019-01-07 00:00:00,154.699308399051
"1250",2019-01-08 00:00:00,149.898697620729
"1251",2019-01-09 00:00:00,148.147865531076
"1252",2019-01-10 00:00:00,148.738879851516
"1253",2019-01-11 00:00:00,126.624752497703
"1254",2019-01-12 00:00:00,124.626797072525
"1255",2019-01-13 00:00:00,123.759362610294
"1256",2019-01-14 00:00:00,114.766045846622
"1257",2019-01-15 00:00:00,127.40527329082
"1258",2019-01-16 00:00:00,119.814373246529
"1259",2019-01-17 00:00:00,122.24553850487
"1260",2019-01-18 00:00:00,121.927266669979
"1261",2019-01-19 00:00:00,119.170739168656
"1262",2019-01-20 00:00:00,122.928175789422
"1263",2019-01-21 00:00:00,117.607872901345
"1264",2019-01-22 00:00:00,115.826864333226
"1265",2019-01-23 00:00:00,117.81718880676
"1266",2019-01-24 00:00:00,116.416019698581
"1267",2019-01-25 00:00:00,116.245435674365
"1268",2019-01-26 00:00:00,115.14990605895
"1269",2019-01-27 00:00:00,115.337166871427
"1270",2019-01-28 00:00:00,112.513489243142
"1271",2019-01-29 00:00:00,105.352391897646
"1272",2019-01-30 00:00:00,104.597846280741
"1273",2019-01-31 00:00:00,108.273094669829
"1274",2019-02-01 00:00:00,106.335995813664
"1275",2019-02-02 00:00:00,107.009558272428
"1276",2019-02-03 00:00:00,108.778176926532
"1277",2019-02-04 00:00:00,107.199996971853
"1278",2019-02-05 00:00:00,107.618245394354
"1279",2019-02-06 00:00:00,107.317038533394
"1280",2019-02-07 00:00:00,104.623626232414
"1281",2019-02-08 00:00:00,104.265364392341
"1282",2019-02-09 00:00:00,119.333604633759
"1283",2019-02-10 00:00:00,119.48955517293
"1284",2019-02-11 00:00:00,124.8896347903
"1285",2019-02-12 00:00:00,120.970261747273
"1286",2019-02-13 00:00:00,122.542088947624
"1287",2019-02-14 00:00:00,122.094129657214
"1288",2019-02-15 00:00:00,120.592173995527
"1289",2019-02-16 00:00:00,121.572278476012
"1290",2019-02-17 00:00:00,122.938608359267
"1291",2019-02-18 00:00:00,133.88146961686
"1292",2019-02-19 00:00:00,145.326026706031
"1293",2019-02-20 00:00:00,143.655234176406
"1294",2019-02-21 00:00:00,148.868434676298
"1295",2019-02-22 00:00:00,145.295823243747
"1296",2019-02-23 00:00:00,148.041650316198
"1297",2019-02-24 00:00:00,157.675595601917
"1298",2019-02-25 00:00:00,134.316028695962
"1299",2019-02-26 00:00:00,137.821866526457
"1300",2019-02-27 00:00:00,135.997837851097
"1301",2019-02-28 00:00:00,134.849817133921
"1302",2019-03-01 00:00:00,135.490683764407
"1303",2019-03-02 00:00:00,134.954708774094
"1304",2019-03-03 00:00:00,132.407426587617
"1305",2019-03-04 00:00:00,130.540347740603
"1306",2019-03-05 00:00:00,125.624082492457
"1307",2019-03-06 00:00:00,136.550247688583
"1308",2019-03-07 00:00:00,137.326651527929
"1309",2019-03-08 00:00:00,136.786142283859
"1310",2019-03-09 00:00:00,133.541693193397
"1311",2019-03-10 00:00:00,137.196000304223
"1312",2019-03-11 00:00:00,135.620802101548
"1313",2019-03-12 00:00:00,132.38753404384
"1314",2019-03-13 00:00:00,133.287425635232
"1315",2019-03-14 00:00:00,131.66834445324
"1316",2019-03-15 00:00:00,132.146237926394
"1317",2019-03-16 00:00:00,136.447864813197
"1318",2019-03-17 00:00:00,141.088044162861
"1319",2019-03-18 00:00:00,138.550630281894
"1320",2019-03-19 00:00:00,137.65794893091
"1321",2019-03-20 00:00:00,138.522516655047
"1322",2019-03-21 00:00:00,139.075973179637
"1323",2019-03-22 00:00:00,135.05601072737
"1324",2019-03-23 00:00:00,136.099536020136
"1325",2019-03-24 00:00:00,137.198068664086
"1326",2019-03-25 00:00:00,136.057483000796
"1327",2019-03-26 00:00:00,133.817519979206
"1328",2019-03-27 00:00:00,134.029904382572
"1329",2019-03-28 00:00:00,139.636606644318
"1330",2019-03-29 00:00:00,137.811988523097
"1331",2019-03-30 00:00:00,143.146443097969
"1332",2019-03-31 00:00:00,142.28965262894
"1333",2019-04-01 00:00:00,141.586389044902
"1334",2019-04-02 00:00:00,141.514555201528
"1335",2019-04-03 00:00:00,164.050542895583
"1336",2019-04-04 00:00:00,160.432838319784
"1337",2019-04-05 00:00:00,157.412225807945
"1338",2019-04-06 00:00:00,165.138523471388
"1339",2019-04-07 00:00:00,165.32515186458
"1340",2019-04-08 00:00:00,174.090522977957
"1341",2019-04-09 00:00:00,180.011923553367
"1342",2019-04-10 00:00:00,175.294122427485
"1343",2019-04-11 00:00:00,177.325317808724
"1344",2019-04-12 00:00:00,165.037106826596
"1345",2019-04-13 00:00:00,164.57194837219
"1346",2019-04-14 00:00:00,163.971600334923
"1347",2019-04-15 00:00:00,167.618001178795
"1348",2019-04-16 00:00:00,160.53249078495
"1349",2019-04-17 00:00:00,166.484537868172
"1350",2019-04-18 00:00:00,166.32726460301
"1351",2019-04-19 00:00:00,173.413627810773
"1352",2019-04-20 00:00:00,173.228262168801
"1353",2019-04-21 00:00:00,173.16628767058
"1354",2019-04-22 00:00:00,169.987889309454
"1355",2019-04-23 00:00:00,171.04347078959
"1356",2019-04-24 00:00:00,170.912964184832
"1357",2019-04-25 00:00:00,165.669660050272
"1358",2019-04-26 00:00:00,153.930440621998
"1359",2019-04-27 00:00:00,157.375701245744
"1360",2019-04-28 00:00:00,158.289194342009
"1361",2019-04-29 00:00:00,156.595189148787
"1362",2019-04-30 00:00:00,154.080282430099
"1363",2019-05-01 00:00:00,160.744691847217
"1364",2019-05-02 00:00:00,159.489314402387
"1365",2019-05-03 00:00:00,160.957187961045
"1366",2019-05-04 00:00:00,166.632115268035
"1367",2019-05-05 00:00:00,162.836316907443
"1368",2019-05-06 00:00:00,162.370134972773
"1369",2019-05-07 00:00:00,172.828328451838
"1370",2019-05-08 00:00:00,170.095897480593
"1371",2019-05-09 00:00:00,170.110633115382
"1372",2019-05-10 00:00:00,170.575494179468
"1373",2019-05-11 00:00:00,172.682090891359
"1374",2019-05-12 00:00:00,196.690167728621
"1375",2019-05-13 00:00:00,187.272018370874
"1376",2019-05-14 00:00:00,196.076113013424
"1377",2019-05-15 00:00:00,218.284609687649
"1378",2019-05-16 00:00:00,248.745004269844
"1379",2019-05-17 00:00:00,264.900121389074
"1380",2019-05-18 00:00:00,243.570499179933
"1381",2019-05-19 00:00:00,235.32720134102
"1382",2019-05-20 00:00:00,260.596984030603
"1383",2019-05-21 00:00:00,251.961499499583
"1384",2019-05-22 00:00:00,256.08304018347
"1385",2019-05-23 00:00:00,244.54946301361
"1386",2019-05-24 00:00:00,244.646095797397
"1387",2019-05-25 00:00:00,248.545262905353
"1388",2019-05-26 00:00:00,250.820364697456
"1389",2019-05-27 00:00:00,266.122182078436
"1390",2019-05-28 00:00:00,273.405088177541
"1391",2019-05-29 00:00:00,271.227867157993
"1392",2019-05-30 00:00:00,268.785756456306
"1393",2019-05-31 00:00:00,255.377363146064
"1394",2019-06-01 00:00:00,268.126039204826
"1395",2019-06-02 00:00:00,264.727324287442
"1396",2019-06-03 00:00:00,269.938829479591
"1397",2019-06-04 00:00:00,251.752575329036
"1398",2019-06-05 00:00:00,240.239433658201
"1399",2019-06-06 00:00:00,246.826569090174
"1400",2019-06-07 00:00:00,249.967911772396
"1401",2019-06-08 00:00:00,250.636893230054
"1402",2019-06-09 00:00:00,244.629805719266
"1403",2019-06-10 00:00:00,232.041584167605
"1404",2019-06-11 00:00:00,247.252276227976
"1405",2019-06-12 00:00:00,245.089378539415
"1406",2019-06-13 00:00:00,260.56663406272
"1407",2019-06-14 00:00:00,255.120426641747
"1408",2019-06-15 00:00:00,263.928538438279
"1409",2019-06-16 00:00:00,268.112192896447
"1410",2019-06-17 00:00:00,269.0716935275
"1411",2019-06-18 00:00:00,273.123688452479
"1412",2019-06-19 00:00:00,264.787931079695
"1413",2019-06-20 00:00:00,269.152799778139
"1414",2019-06-21 00:00:00,272.334690986303
"1415",2019-06-22 00:00:00,294.475622965937
"1416",2019-06-23 00:00:00,310.65499867232
"1417",2019-06-24 00:00:00,307.947210263587
"1418",2019-06-25 00:00:00,311.068229024149
"1419",2019-06-26 00:00:00,318.635944657736
"1420",2019-06-27 00:00:00,337.340957809814
"1421",2019-06-28 00:00:00,295.841652887636
"1422",2019-06-29 00:00:00,309.949031472406
"1423",2019-06-30 00:00:00,321.432799037761
"1424",2019-07-01 00:00:00,292.838876017245
"1425",2019-07-02 00:00:00,295.255898070961
"1426",2019-07-03 00:00:00,290.959672107173
"1427",2019-07-04 00:00:00,304.170542401182
"1428",2019-07-05 00:00:00,285.219470879781
"1429",2019-07-06 00:00:00,287.985910584437
"1430",2019-07-07 00:00:00,289.577138341066
"1431",2019-07-08 00:00:00,305.336252900702
"1432",2019-07-09 00:00:00,312.466368829041
"1433",2019-07-10 00:00:00,307.779683752007
"1434",2019-07-11 00:00:00,290.009967157574
"1435",2019-07-12 00:00:00,268.6352130478
"1436",2019-07-13 00:00:00,275.809208434876
"1437",2019-07-14 00:00:00,270.314761247692
"1438",2019-07-15 00:00:00,227.122072680427
"1439",2019-07-16 00:00:00,230.180194111989
"1440",2019-07-17 00:00:00,199.940521853879
"1441",2019-07-18 00:00:00,210.838537127373
"1442",2019-07-19 00:00:00,226.303534286868
"1443",2019-07-20 00:00:00,221.113740950398
"1444",2019-07-21 00:00:00,228.964804084916
"1445",2019-07-22 00:00:00,226.153407726566
"1446",2019-07-23 00:00:00,217.652561658323
"1447",2019-07-24 00:00:00,213.502151608095
"1448",2019-07-25 00:00:00,217.197777748479
"1449",2019-07-26 00:00:00,219.487790972769
"1450",2019-07-27 00:00:00,219.582432627776
"1451",2019-07-28 00:00:00,206.531772895918
"1452",2019-07-29 00:00:00,211.229753661743
"1453",2019-07-30 00:00:00,210.823516509052
"1454",2019-07-31 00:00:00,209.646260741128
"1455",2019-08-01 00:00:00,218.61308553621
"1456",2019-08-02 00:00:00,216.630420657716
"1457",2019-08-03 00:00:00,217.795462077065
"1458",2019-08-04 00:00:00,221.416118752555
"1459",2019-08-05 00:00:00,221.988152943005
"1460",2019-08-06 00:00:00,232.82368350464
"1461",2019-08-07 00:00:00,227.02071107575
"1462",2019-08-08 00:00:00,226.40119317737
"1463",2019-08-09 00:00:00,221.995886207121
"1464",2019-08-10 00:00:00,210.153618957734
"1465",2019-08-11 00:00:00,206.504625468382
"1466",2019-08-12 00:00:00,216.485580551772
"1467",2019-08-13 00:00:00,211.113141263047
"1468",2019-08-14 00:00:00,209.265737147614
"1469",2019-08-15 00:00:00,185.655300589559
"1470",2019-08-16 00:00:00,188.152781167735
"1471",2019-08-17 00:00:00,185.15324355178
"1472",2019-08-18 00:00:00,185.760041093834
"1473",2019-08-19 00:00:00,194.357367616585
"1474",2019-08-20 00:00:00,202.959750759684
"1475",2019-08-21 00:00:00,196.272747285669
"1476",2019-08-22 00:00:00,187.01618910896
"1477",2019-08-23 00:00:00,191.521195967725
"1478",2019-08-24 00:00:00,194.209387356875
"1479",2019-08-25 00:00:00,190.555750893431
"1480",2019-08-26 00:00:00,186.322368979427
"1481",2019-08-27 00:00:00,188.37725745414
"1482",2019-08-28 00:00:00,186.970684877817
"1483",2019-08-29 00:00:00,173.027035730278
"1484",2019-08-30 00:00:00,168.799165028284
"1485",2019-08-31 00:00:00,168.67088837396
"1486",2019-09-01 00:00:00,172.072969293564
"1487",2019-09-02 00:00:00,170.727545144616
"1488",2019-09-03 00:00:00,177.716478953273
"1489",2019-09-04 00:00:00,178.826477843283
"1490",2019-09-05 00:00:00,174.776275548127
"1491",2019-09-06 00:00:00,174.193810052048
"1492",2019-09-07 00:00:00,169.422866947934
"1493",2019-09-08 00:00:00,177.852588891109
"1494",2019-09-09 00:00:00,181.483932052268
"1495",2019-09-10 00:00:00,181.014656231968
"1496",2019-09-11 00:00:00,180.149391529814
"1497",2019-09-12 00:00:00,178.082949806185
"1498",2019-09-13 00:00:00,181.010836085851
"1499",2019-09-14 00:00:00,181.211945003502
"1500",2019-09-15 00:00:00,188.305681583766
"1501",2019-09-16 00:00:00,189.255046335461
"1502",2019-09-17 00:00:00,197.606916383938
"1503",2019-09-18 00:00:00,209.211163041816
"1504",2019-09-19 00:00:00,210.249073728667
"1505",2019-09-20 00:00:00,221.742925994894
"1506",2019-09-21 00:00:00,217.953443823949
"1507",2019-09-22 00:00:00,215.345239604563
"1508",2019-09-23 00:00:00,211.617538404522
"1509",2019-09-24 00:00:00,201.003377525819
"1510",2019-09-25 00:00:00,168.67357964603
"1511",2019-09-26 00:00:00,170.288867692243
"1512",2019-09-27 00:00:00,166.2168032291
"1513",2019-09-28 00:00:00,173.90494900595
"1514",2019-09-29 00:00:00,174.079705412433
"1515",2019-09-30 00:00:00,169.689474752298
"1516",2019-10-01 00:00:00,179.757161979255
"1517",2019-10-02 00:00:00,180.632440828355
"1518",2019-10-03 00:00:00,180.57893058773
"1519",2019-10-04 00:00:00,176.858525553427
"1520",2019-10-05 00:00:00,175.863153653502
"1521",2019-10-06 00:00:00,176.27725657339
"1522",2019-10-07 00:00:00,170.44710628243
"1523",2019-10-08 00:00:00,180.144247602535
"1524",2019-10-09 00:00:00,180.789793267275
"1525",2019-10-10 00:00:00,193.33993781391
"1526",2019-10-11 00:00:00,191.041086569913
"1527",2019-10-12 00:00:00,180.552449051831
"1528",2019-10-13 00:00:00,179.946535676102
"1529",2019-10-14 00:00:00,181.287247294489
"1530",2019-10-15 00:00:00,186.616067531468
"1531",2019-10-16 00:00:00,180.745630791875
"1532",2019-10-17 00:00:00,175.054069354697
"1533",2019-10-18 00:00:00,177.476918634482
"1534",2019-10-19 00:00:00,172.886260581173
"1535",2019-10-20 00:00:00,171.852410431877
"1536",2019-10-21 00:00:00,175.212108576616
"1537",2019-10-22 00:00:00,174.354496088064
"1538",2019-10-23 00:00:00,171.42654721585
"1539",2019-10-24 00:00:00,161.584043592936
"1540",2019-10-25 00:00:00,160.678391360741
"1541",2019-10-26 00:00:00,181.453191562222
"1542",2019-10-27 00:00:00,179.535270082599
"1543",2019-10-28 00:00:00,183.580899838276
"1544",2019-10-29 00:00:00,181.861799872696
"1545",2019-10-30 00:00:00,190.505960917865
"1546",2019-10-31 00:00:00,183.133751486733
"1547",2019-11-01 00:00:00,182.755701246953
"1548",2019-11-02 00:00:00,183.064191451962
"1549",2019-11-03 00:00:00,183.215681747085
"1550",2019-11-04 00:00:00,181.82443996228
"1551",2019-11-05 00:00:00,185.764330860014
"1552",2019-11-06 00:00:00,189.165755180251
"1553",2019-11-07 00:00:00,191.300400454006
"1554",2019-11-08 00:00:00,186.816531956587
"1555",2019-11-09 00:00:00,183.673622761327
"1556",2019-11-10 00:00:00,184.95814543108
"1557",2019-11-11 00:00:00,189.04498222352
"1558",2019-11-12 00:00:00,184.839873654298
"1559",2019-11-13 00:00:00,186.865939846286
"1560",2019-11-14 00:00:00,187.842888493794
"1561",2019-11-15 00:00:00,184.788306894682
"1562",2019-11-16 00:00:00,180.168711407923
"1563",2019-11-17 00:00:00,182.630654160426
"1564",2019-11-18 00:00:00,183.987963875019
"1565",2019-11-19 00:00:00,178.385599373138
"1566",2019-11-20 00:00:00,175.820484576392
"1567",2019-11-21 00:00:00,174.804457277971
"1568",2019-11-22 00:00:00,161.151477279231
"1569",2019-11-23 00:00:00,149.925692064195
"1570",2019-11-24 00:00:00,151.966084934527
"1571",2019-11-25 00:00:00,140.246810841207
"1572",2019-11-26 00:00:00,146.34618694453
"1573",2019-11-27 00:00:00,147.575068489686
"1574",2019-11-28 00:00:00,152.615068348219
"1575",2019-11-29 00:00:00,150.910345720108
"1576",2019-11-30 00:00:00,154.255305865082
"1577",2019-12-01 00:00:00,151.73585404476
"1578",2019-12-02 00:00:00,151.02315688625
"1579",2019-12-03 00:00:00,148.867267986636
"1580",2019-12-04 00:00:00,147.127951769556
"1581",2019-12-05 00:00:00,145.401709530268
"1582",2019-12-06 00:00:00,147.797492109772
"1583",2019-12-07 00:00:00,148.605698152792
"1584",2019-12-08 00:00:00,147.145786469192
"1585",2019-12-09 00:00:00,150.292448805024
"1586",2019-12-10 00:00:00,147.429261327297
"1587",2019-12-11 00:00:00,145.56867918491
"1588",2019-12-12 00:00:00,143.122978676339
"1589",2019-12-13 00:00:00,145.025925455733
"1590",2019-12-14 00:00:00,144.618780833211
"1591",2019-12-15 00:00:00,141.844865159517
"1592",2019-12-16 00:00:00,142.210869189553
"1593",2019-12-17 00:00:00,132.722743211293
"1594",2019-12-18 00:00:00,121.770107290006
"1595",2019-12-19 00:00:00,132.741361117367
"1596",2019-12-20 00:00:00,128.079153870073
"1597",2019-12-21 00:00:00,128.270194179118
"1598",2019-12-22 00:00:00,126.932873256112
"1599",2019-12-23 00:00:00,132.177469650771
"1600",2019-12-24 00:00:00,128.16997170631
"1601",2019-12-25 00:00:00,127.725598903601
"1602",2019-12-26 00:00:00,125.018705850427
"1603",2019-12-27 00:00:00,125.614584314537
"1604",2019-12-28 00:00:00,126.327180189335
"1605",2019-12-29 00:00:00,128.06698743849
"1606",2019-12-30 00:00:00,134.323647199886
"1607",2019-12-31 00:00:00,131.462136383888
"1608",2020-01-01 00:00:00,129.186385292539
"1609",2020-01-02 00:00:00,130.484685031114
"1610",2020-01-03 00:00:00,127.045258011798
"1611",2020-01-04 00:00:00,133.702648618442
"1612",2020-01-05 00:00:00,134.136882697857
"1613",2020-01-06 00:00:00,135.005713642334
"1614",2020-01-07 00:00:00,143.806397955665
"1615",2020-01-08 00:00:00,143.019432264986
"1616",2020-01-09 00:00:00,140.273935273887
"1617",2020-01-10 00:00:00,137.860559281827
"1618",2020-01-11 00:00:00,144.604774346479
"1619",2020-01-12 00:00:00,142.182333274979
"1620",2020-01-13 00:00:00,145.422876335305
"1621",2020-01-14 00:00:00,143.587969050363
"1622",2020-01-15 00:00:00,165.991438545835
"1623",2020-01-16 00:00:00,166.253096904889
"1624",2020-01-17 00:00:00,163.80590111423
"1625",2020-01-18 00:00:00,171.156217876718
"1626",2020-01-19 00:00:00,174.238373182589
"1627",2020-01-20 00:00:00,166.627105950562
"1628",2020-01-21 00:00:00,166.93852805777
"1629",2020-01-22 00:00:00,169.279935858393
"1630",2020-01-23 00:00:00,167.826529640567
"1631",2020-01-24 00:00:00,162.51937110634
"1632",2020-01-25 00:00:00,162.409479751636
"1633",2020-01-26 00:00:00,160.673610861741
"1634",2020-01-27 00:00:00,167.647409585756
"1635",2020-01-28 00:00:00,169.736435735422
"1636",2020-01-29 00:00:00,175.190003053454
"1637",2020-01-30 00:00:00,173.706888236208
"1638",2020-01-31 00:00:00,184.72621843141
"1639",2020-02-01 00:00:00,179.229103852404
"1640",2020-02-02 00:00:00,183.336937552103
"1641",2020-02-03 00:00:00,188.550641794311
"1642",2020-02-04 00:00:00,189.861763462982
"1643",2020-02-05 00:00:00,188.842207369483
"1644",2020-02-06 00:00:00,203.859318374709
"1645",2020-02-07 00:00:00,212.733414213528
"1646",2020-02-08 00:00:00,223.27631974792
"1647",2020-02-09 00:00:00,223.300776974262
"1648",2020-02-10 00:00:00,228.292260832173
"1649",2020-02-11 00:00:00,224.146996520286
"1650",2020-02-12 00:00:00,236.785348529726
"1651",2020-02-13 00:00:00,264.032768242996
"1652",2020-02-14 00:00:00,267.670444504251
"1653",2020-02-15 00:00:00,284.231891474118
"1654",2020-02-16 00:00:00,263.899946391596
"1655",2020-02-17 00:00:00,262.156244316814
"1656",2020-02-18 00:00:00,267.935665615988
"1657",2020-02-19 00:00:00,281.945740305528
"1658",2020-02-20 00:00:00,259.183803748029
"1659",2020-02-21 00:00:00,257.98839530486
"1660",2020-02-22 00:00:00,265.164459133859
"1661",2020-02-23 00:00:00,260.996540131525
"1662",2020-02-24 00:00:00,274.631215778552
"1663",2020-02-25 00:00:00,265.242191220373
"1664",2020-02-26 00:00:00,248.317381393951
"1665",2020-02-27 00:00:00,224.810508297447
"1666",2020-02-28 00:00:00,225.429715116838
"1667",2020-02-29 00:00:00,227.705284483765
"1668",2020-03-01 00:00:00,218.348356929853
"1669",2020-03-02 00:00:00,218.939796974477
"1670",2020-03-03 00:00:00,231.679446045922
"1671",2020-03-04 00:00:00,223.960116018103
"1672",2020-03-05 00:00:00,224.134877371802
"1673",2020-03-06 00:00:00,228.080935101688
"1674",2020-03-07 00:00:00,244.238469519787
"1675",2020-03-08 00:00:00,237.380790201913
"1676",2020-03-09 00:00:00,198.819642287686
"1677",2020-03-10 00:00:00,200.846871481887
"1678",2020-03-11 00:00:00,200.749038548518
"1679",2020-03-12 00:00:00,194.217941240252
"1680",2020-03-13 00:00:00,110.597897830835
"1681",2020-03-14 00:00:00,132.572857701808
"1682",2020-03-15 00:00:00,123.030844108903
"1683",2020-03-16 00:00:00,124.603425530622
"1684",2020-03-17 00:00:00,110.991598453341
"1685",2020-03-18 00:00:00,117.217041385185
"1686",2020-03-19 00:00:00,117.700424646966
"1687",2020-03-20 00:00:00,136.811875789736
"1688",2020-03-21 00:00:00,131.9646939729
"1689",2020-03-22 00:00:00,131.943218453167
"1690",2020-03-23 00:00:00,122.520598766588
"1691",2020-03-24 00:00:00,135.588657980371
"1692",2020-03-25 00:00:00,138.776571272682
"1693",2020-03-26 00:00:00,136.233921421768
"1694",2020-03-27 00:00:00,138.766937599029
"1695",2020-03-28 00:00:00,130.286561887577
"1696",2020-03-29 00:00:00,131.424052140811
"1697",2020-03-30 00:00:00,125.318874515689
"1698",2020-03-31 00:00:00,132.36373895415
"1699",2020-04-01 00:00:00,133.23644684382
"1700",2020-04-02 00:00:00,136.216385573129
"1701",2020-04-03 00:00:00,141.453705352387
"1702",2020-04-04 00:00:00,141.261543266449
"1703",2020-04-05 00:00:00,144.200802681986
"1704",2020-04-06 00:00:00,142.850883464848
"1705",2020-04-07 00:00:00,169.855049793368
"1706",2020-04-08 00:00:00,164.516019710731
"1707",2020-04-09 00:00:00,172.803568267475
"1708",2020-04-10 00:00:00,170.095103523876
"1709",2020-04-11 00:00:00,157.740158007801
"1710",2020-04-12 00:00:00,158.327877941819
"1711",2020-04-13 00:00:00,158.86382571951
"1712",2020-04-14 00:00:00,156.701358791407
"1713",2020-04-15 00:00:00,158.26715118299
"1714",2020-04-16 00:00:00,153.222863680028
"1715",2020-04-17 00:00:00,171.775990750884
"1716",2020-04-18 00:00:00,170.445890477055
"1717",2020-04-19 00:00:00,187.143544115606
"1718",2020-04-20 00:00:00,180.058596540519
"1719",2020-04-21 00:00:00,170.70405868654
"1720",2020-04-22 00:00:00,170.451542880474
"1721",2020-04-23 00:00:00,182.27675766207
"1722",2020-04-24 00:00:00,184.593702480218
"1723",2020-04-25 00:00:00,187.343368614196
"1724",2020-04-26 00:00:00,194.114236825704
"1725",2020-04-27 00:00:00,197.22990444624
"1726",2020-04-28 00:00:00,196.462625350847
"1727",2020-04-29 00:00:00,197.154731566343
"1728",2020-04-30 00:00:00,215.548172665674
"1729",2020-05-01 00:00:00,205.556005410637
"1730",2020-05-02 00:00:00,211.96829534905
"1731",2020-05-03 00:00:00,213.943011214075
"1732",2020-05-04 00:00:00,210.024709474648
"1733",2020-05-05 00:00:00,206.832534234607
"1734",2020-05-06 00:00:00,205.225179739852
"1735",2020-05-07 00:00:00,200.254794500094
"1736",2020-05-08 00:00:00,212.292476200865
"1737",2020-05-09 00:00:00,211.689048351138
"1738",2020-05-10 00:00:00,210.431818137606
"1739",2020-05-11 00:00:00,188.137226158966
"1740",2020-05-12 00:00:00,185.674718097403
"1741",2020-05-13 00:00:00,189.305781818513
"1742",2020-05-14 00:00:00,199.369372543049
"1743",2020-05-15 00:00:00,203.211246993784
"1744",2020-05-16 00:00:00,194.273097781531
"1745",2020-05-17 00:00:00,200.5833909031
"1746",2020-05-18 00:00:00,206.768894036839
"1747",2020-05-19 00:00:00,214.357641645268
"1748",2020-05-20 00:00:00,213.686720211767
"1749",2020-05-21 00:00:00,209.920788288863
"1750",2020-05-22 00:00:00,198.917515750719
"1751",2020-05-23 00:00:00,206.227729639946
"1752",2020-05-24 00:00:00,206.411206958319
"1753",2020-05-25 00:00:00,200.690728582306
"1754",2020-05-26 00:00:00,203.81011834235
"1755",2020-05-27 00:00:00,200.963615406759
"1756",2020-05-28 00:00:00,207.845893890854
"1757",2020-05-29 00:00:00,219.591564058802
"1758",2020-05-30 00:00:00,220.491167346038
"1759",2020-05-31 00:00:00,242.709770267827
"1760",2020-06-01 00:00:00,232.331003038967
"1761",2020-06-02 00:00:00,248.044566584487
"1762",2020-06-03 00:00:00,237.265320128679
"1763",2020-06-04 00:00:00,244.125336610076
"1764",2020-06-05 00:00:00,243.707821315959
"1765",2020-06-06 00:00:00,240.246968987651
"1766",2020-06-07 00:00:00,242.021640367215
"1767",2020-06-08 00:00:00,244.22674439498
"1768",2020-06-09 00:00:00,246.212783260443
"1769",2020-06-10 00:00:00,243.849526651899
"1770",2020-06-11 00:00:00,247.541971529524
"1771",2020-06-12 00:00:00,232.00078536182
"1772",2020-06-13 00:00:00,237.593410877442
"1773",2020-06-14 00:00:00,238.293629100892
"1774",2020-06-15 00:00:00,232.112520477449
"1775",2020-06-16 00:00:00,231.017011552528
"1776",2020-06-17 00:00:00,235.288479482971
"1777",2020-06-18 00:00:00,233.863618462182
"1778",2020-06-19 00:00:00,231.68485732135
"1779",2020-06-20 00:00:00,228.959212803219
"1780",2020-06-21 00:00:00,228.86914879722
"1781",2020-06-22 00:00:00,227.791905909687
"1782",2020-06-23 00:00:00,243.364709992455
"1783",2020-06-24 00:00:00,243.079482239037
"1784",2020-06-25 00:00:00,234.564984644473
"1785",2020-06-26 00:00:00,232.648703499616
"1786",2020-06-27 00:00:00,229.636526027268
"1787",2020-06-28 00:00:00,221.026085297342
"1788",2020-06-29 00:00:00,225.12294616525
"1789",2020-06-30 00:00:00,228.205763773812
"1790",2020-07-01 00:00:00,225.592814968919
"1791",2020-07-02 00:00:00,230.661943590949
"1792",2020-07-03 00:00:00,226.574424340304
"1793",2020-07-04 00:00:00,225.176405480408
"1794",2020-07-05 00:00:00,229.094716462189
"1795",2020-07-06 00:00:00,227.899375038192
"1796",2020-07-07 00:00:00,241.526851874317
"1797",2020-07-08 00:00:00,238.964480540678
"1798",2020-07-09 00:00:00,246.85900786802
"1799",2020-07-10 00:00:00,241.975128578979
"1800",2020-07-11 00:00:00,240.954953782933
"1801",2020-07-12 00:00:00,239.102025546714
"1802",2020-07-13 00:00:00,241.771522600706
"1803",2020-07-14 00:00:00,239.638786811741
"1804",2020-07-15 00:00:00,240.251470668472
"1805",2020-07-16 00:00:00,238.663597206317
"1806",2020-07-17 00:00:00,233.837074562722
"1807",2020-07-18 00:00:00,232.781477438261
"1808",2020-07-19 00:00:00,235.681144776425
"1809",2020-07-20 00:00:00,238.895231678679
"1810",2020-07-21 00:00:00,236.060098445387
"1811",2020-07-22 00:00:00,245.233735026343
"1812",2020-07-23 00:00:00,263.762463966002
"1813",2020-07-24 00:00:00,274.723620259181
"1814",2020-07-25 00:00:00,279.427056247582
"1815",2020-07-26 00:00:00,305.038139411196
"1816",2020-07-27 00:00:00,310.517990951736
"1817",2020-07-28 00:00:00,320.476191309682
"1818",2020-07-29 00:00:00,316.406766052056
"1819",2020-07-30 00:00:00,317.539072916119
"1820",2020-07-31 00:00:00,334.741922036562
"1821",2020-08-01 00:00:00,346.003506072887
"1822",2020-08-02 00:00:00,387.942421171247
"1823",2020-08-03 00:00:00,370.732302431239
"1824",2020-08-04 00:00:00,386.247447717809
"1825",2020-08-05 00:00:00,389.383008349899
"1826",2020-08-06 00:00:00,400.18436250318
"1827",2020-08-07 00:00:00,394.541745461183
"1828",2020-08-08 00:00:00,379.135155849816
"1829",2020-08-09 00:00:00,391.478438642115
"1830",2020-08-10 00:00:00,389.622931112911
"1831",2020-08-11 00:00:00,395.209913657189
"1832",2020-08-12 00:00:00,379.174763952754
"1833",2020-08-13 00:00:00,387.500530823979
"1834",2020-08-14 00:00:00,427.490265367969
"1835",2020-08-15 00:00:00,438.762587470297
"1836",2020-08-16 00:00:00,432.654665238932
"1837",2020-08-17 00:00:00,433.431860932112
"1838",2020-08-18 00:00:00,430.032505089723
"1839",2020-08-19 00:00:00,422.106652865994
"1840",2020-08-20 00:00:00,406.574469182107
"1841",2020-08-21 00:00:00,416.469775822798
"1842",2020-08-22 00:00:00,386.823891418948
"1843",2020-08-23 00:00:00,395.885018289086
"1844",2020-08-24 00:00:00,390.789135047738
"1845",2020-08-25 00:00:00,408.269145631723
"1846",2020-08-26 00:00:00,383.662143118299
"1847",2020-08-27 00:00:00,385.752499874921
"1848",2020-08-28 00:00:00,381.837651321084
"1849",2020-08-29 00:00:00,395.13821323862
"1850",2020-08-30 00:00:00,399.374543834064
"1851",2020-08-31 00:00:00,428.295679163522
"1852",2020-09-01 00:00:00,435.693023299101
"1853",2020-09-02 00:00:00,475.684664262686
"1854",2020-09-03 00:00:00,439.353760215315
"1855",2020-09-04 00:00:00,383.691531177998
"1856",2020-09-05 00:00:00,387.904029093917
"1857",2020-09-06 00:00:00,334.468593013543
"1858",2020-09-07 00:00:00,352.99300214607
"1859",2020-09-08 00:00:00,351.8778602924
"1860",2020-09-09 00:00:00,337.845051935069
"1861",2020-09-10 00:00:00,351.232267083236
"1862",2020-09-11 00:00:00,367.638928810007
"1863",2020-09-12 00:00:00,373.914905989752
"1864",2020-09-13 00:00:00,387.723516290023
"1865",2020-09-14 00:00:00,365.695506306262
"1866",2020-09-15 00:00:00,376.394561113407
"1867",2020-09-16 00:00:00,364.690045086069
"1868",2020-09-17 00:00:00,365.130550811648
"1869",2020-09-18 00:00:00,388.797456231994
"1870",2020-09-19 00:00:00,383.172865991521
"1871",2020-09-20 00:00:00,385.472123493685
"1872",2020-09-21 00:00:00,370.967895162477
"1873",2020-09-22 00:00:00,341.277130871831
"1874",2020-09-23 00:00:00,343.917547100949
"1875",2020-09-24 00:00:00,321.077435173963
"1876",2020-09-25 00:00:00,348.821019978549
"1877",2020-09-26 00:00:00,351.331567022118
"1878",2020-09-27 00:00:00,354.26158191431
"1879",2020-09-28 00:00:00,357.066436406755
"1880",2020-09-29 00:00:00,354.429583537551
"1881",2020-09-30 00:00:00,359.42608953837
"1882",2020-10-01 00:00:00,359.598984750858
"1883",2020-10-02 00:00:00,353.197848138171
"1884",2020-10-03 00:00:00,345.912568227914
"1885",2020-10-04 00:00:00,345.992463193429
"1886",2020-10-05 00:00:00,352.458806503961
"1887",2020-10-06 00:00:00,353.604427310907
"1888",2020-10-07 00:00:00,340.616021812809
"1889",2020-10-08 00:00:00,341.443796478281
"1890",2020-10-09 00:00:00,350.055676568125
"1891",2020-10-10 00:00:00,365.339444819394
"1892",2020-10-11 00:00:00,370.471810973428
"1893",2020-10-12 00:00:00,374.497015092574
"1894",2020-10-13 00:00:00,387.255558356572
"1895",2020-10-14 00:00:00,381.168773898923
"1896",2020-10-15 00:00:00,379.210253760928
"1897",2020-10-16 00:00:00,377.158681078682
"1898",2020-10-17 00:00:00,365.990642383147
"1899",2020-10-18 00:00:00,368.65047036369
"1900",2020-10-19 00:00:00,378.04936532376
"1901",2020-10-20 00:00:00,379.63947733218
"1902",2020-10-21 00:00:00,368.227014235045
"1903",2020-10-22 00:00:00,391.166742177572
"1904",2020-10-23 00:00:00,413.201890336191
"1905",2020-10-24 00:00:00,408.889488643719
"1906",2020-10-25 00:00:00,411.95921775305
"1907",2020-10-26 00:00:00,406.157094148215
"1908",2020-10-27 00:00:00,393.382908392245
"1909",2020-10-28 00:00:00,403.529837833562
"1910",2020-10-29 00:00:00,388.877339882078
"1911",2020-10-30 00:00:00,386.446012987292
"1912",2020-10-31 00:00:00,382.900771038091
"1913",2020-11-01 00:00:00,385.844588797508
"1914",2020-11-02 00:00:00,394.936342049172
"1915",2020-11-03 00:00:00,383.84980342204
"1916",2020-11-04 00:00:00,387.616373722075
"1917",2020-11-05 00:00:00,401.733096832472
"1918",2020-11-06 00:00:00,415.927770430972
"1919",2020-11-07 00:00:00,454.65154309847
"1920",2020-11-08 00:00:00,435.418354083309
"1921",2020-11-09 00:00:00,455.358366972169
"1922",2020-11-10 00:00:00,445.05129334207
"1923",2020-11-11 00:00:00,449.816184501296
"1924",2020-11-12 00:00:00,463.180871720323
"1925",2020-11-13 00:00:00,462.20561957949
"1926",2020-11-14 00:00:00,475.969093657601
"1927",2020-11-15 00:00:00,462.718397060793
"1928",2020-11-16 00:00:00,449.206801639743
"1929",2020-11-17 00:00:00,461.371196705267
"1930",2020-11-18 00:00:00,482.19838472354
"1931",2020-11-19 00:00:00,479.437661362474
"1932",2020-11-20 00:00:00,471.317958394412
"1933",2020-11-21 00:00:00,508.792214585245
"1934",2020-11-22 00:00:00,548.842116249849
"1935",2020-11-23 00:00:00,560.508887458306
"1936",2020-11-24 00:00:00,608.273310918942
"1937",2020-11-25 00:00:00,602.666262393887
"1938",2020-11-26 00:00:00,568.275153040449
"1939",2020-11-27 00:00:00,518.4670452162
"1940",2020-11-28 00:00:00,517.553026405601
"1941",2020-11-29 00:00:00,537.392612094448
"1942",2020-11-30 00:00:00,574.751119654844
"1943",2020-12-01 00:00:00,612.263785612206
"1944",2020-12-02 00:00:00,589.581844354098
"1945",2020-12-03 00:00:00,598.760610095824
"1946",2020-12-04 00:00:00,616.506661565682
"1947",2020-12-05 00:00:00,571.190431634974
"1948",2020-12-06 00:00:00,595.919413968038
"1949",2020-12-07 00:00:00,601.968934924492
"1950",2020-12-08 00:00:00,592.386506682018
"1951",2020-12-09 00:00:00,554.329674302381
"1952",2020-12-10 00:00:00,573.895309109994
"1953",2020-12-11 00:00:00,560.454265407605
"1954",2020-12-12 00:00:00,545.982835263369
"1955",2020-12-13 00:00:00,568.358753407382
"1956",2020-12-14 00:00:00,590.324440302934
"1957",2020-12-15 00:00:00,585.541894936002
"1958",2020-12-16 00:00:00,589.066831645042
"1959",2020-12-17 00:00:00,635.961889379613
"1960",2020-12-18 00:00:00,644.065270192978
"1961",2020-12-19 00:00:00,654.420416296575
"1962",2020-12-20 00:00:00,659.318807637209
"1963",2020-12-21 00:00:00,639.515436877818
"1964",2020-12-22 00:00:00,610.427027898067
"1965",2020-12-23 00:00:00,634.979723443186
"1966",2020-12-24 00:00:00,587.958895499244
"1967",2020-12-25 00:00:00,612.879657050597
"1968",2020-12-26 00:00:00,626.456738778456
"1969",2020-12-27 00:00:00,636.7423171945
"1970",2020-12-28 00:00:00,689.659857326988
"1971",2020-12-29 00:00:00,732.957029297527
"1972",2020-12-30 00:00:00,735.590898162574
"1973",2020-12-31 00:00:00,752.855932449019
"1974",2021-01-01 00:00:00,738.616938152041
"1975",2021-01-02 00:00:00,730.147340219637
"1976",2021-01-03 00:00:00,777.696065303943
"1977",2021-01-04 00:00:00,967.000596728846
"1978",2021-01-05 00:00:00,1025.6547675669
"1979",2021-01-06 00:00:00,1103.35825162257
"1980",2021-01-07 00:00:00,1208.57509287289
"1981",2021-01-08 00:00:00,1229.47131501478
"1982",2021-01-09 00:00:00,1223.72968835353
"1983",2021-01-10 00:00:00,1282.97957552732
"1984",2021-01-11 00:00:00,1267.73100315121
"1985",2021-01-12 00:00:00,1092.91433788061
"1986",2021-01-13 00:00:00,1045.40681523041
"1987",2021-01-14 00:00:00,1132.01559101647
"1988",2021-01-15 00:00:00,1216.91478846346
"1989",2021-01-16 00:00:00,1171.86001770465
"1990",2021-01-17 00:00:00,1234.6318700828
"1991",2021-01-18 00:00:00,1229.37969807201
"1992",2021-01-19 00:00:00,1255.97669151321
"1993",2021-01-20 00:00:00,1383.48409022771
"1994",2021-01-21 00:00:00,1385.85299587526
"1995",2021-01-22 00:00:00,1122.9124325373
"1996",2021-01-23 00:00:00,1236.68344275366
"1997",2021-01-24 00:00:00,1231.17637970447
"1998",2021-01-25 00:00:00,1392.53976344497
"1999",2021-01-26 00:00:00,1323.42950310201
"2000",2021-01-27 00:00:00,1355.233724241
"2001",2021-01-28 00:00:00,1253.14167155861
"2002",2021-01-29 00:00:00,1328.77361906656
"2003",2021-01-30 00:00:00,1380.28425913521
"2004",2021-01-31 00:00:00,1372.42722896423
"2005",2021-02-01 00:00:00,1317.04743622918
"2006",2021-02-02 00:00:00,1368.66445481238
"2007",2021-02-03 00:00:00,1514.22519575165
"2008",2021-02-04 00:00:00,1661.00082436748
"2009",2021-02-05 00:00:00,1587.80089918594
"2010",2021-02-06 00:00:00,1724.85690833931
"2011",2021-02-07 00:00:00,1683.94129786505
"2012",2021-02-08 00:00:00,1608.64054798572
"2013",2021-02-09 00:00:00,1750.99755371921
"2014",2021-02-10 00:00:00,1769.0535339346
"2015",2021-02-11 00:00:00,1739.16420900484
"2016",2021-02-12 00:00:00,1782.50886912185
"2017",2021-02-13 00:00:00,1841.19775070329
"2018",2021-02-14 00:00:00,1810.84254573237
"2019",2021-02-15 00:00:00,1804.98414643665
"2020",2021-02-16 00:00:00,1775.75835170186
"2021",2021-02-17 00:00:00,1782.57530905059
"2022",2021-02-18 00:00:00,1845.57392215675
"2023",2021-02-19 00:00:00,1938.56943680746
"2024",2021-02-20 00:00:00,1969.97971776282
"2025",2021-02-21 00:00:00,1929.36769287966
"2026",2021-02-22 00:00:00,1941.4267676798
"2027",2021-02-23 00:00:00,1788.61521028064
"2028",2021-02-24 00:00:00,1563.92460590114
"2029",2021-02-25 00:00:00,1628.39153379266
"2030",2021-02-26 00:00:00,1468.86010372868
"2031",2021-02-27 00:00:00,1450.98874680412
"2032",2021-02-28 00:00:00,1480.12957684775
"2033",2021-03-01 00:00:00,1416.66155283757
"2034",2021-03-02 00:00:00,1570.39968963405
"2035",2021-03-03 00:00:00,1497.08910426339
"2036",2021-03-04 00:00:00,1579.42716876031
"2037",2021-03-05 00:00:00,1546.49962111674
"2038",2021-03-06 00:00:00,1539.04842909474
"2039",2021-03-07 00:00:00,1661.92796989982
"2040",2021-03-08 00:00:00,1727.46309622457
"2041",2021-03-09 00:00:00,1837.53303054395
"2042",2021-03-10 00:00:00,1869.3311016255
"2043",2021-03-11 00:00:00,1802.31109168812
"2044",2021-03-12 00:00:00,1826.05747681198
"2045",2021-03-13 00:00:00,1770.93617936978
"2046",2021-03-14 00:00:00,1927.7207203999
"2047",2021-03-15 00:00:00,1866.07154470088
"2048",2021-03-16 00:00:00,1791.04785183011
"2049",2021-03-17 00:00:00,1808.55121736144
"2050",2021-03-18 00:00:00,1828.75483323426
"2051",2021-03-19 00:00:00,1780.15964595285
"2052",2021-03-20 00:00:00,1817.13296280843
"2053",2021-03-21 00:00:00,1817.86014312949
"2054",2021-03-22 00:00:00,1790.37807475269
"2055",2021-03-23 00:00:00,1686.89119715804
"2056",2021-03-24 00:00:00,1673.85918356279
"2057",2021-03-25 00:00:00,1581.63105593137
"2058",2021-03-26 00:00:00,1587.29796415852
"2059",2021-03-27 00:00:00,1700.36686935812
"2060",2021-03-28 00:00:00,1713.83787568345
"2061",2021-03-29 00:00:00,1689.03679820591
"2062",2021-03-30 00:00:00,1817.62638808887
"2063",2021-03-31 00:00:00,1840.2949519854
"2064",2021-04-01 00:00:00,1915.83253584622
"2065",2021-04-02 00:00:00,1970.47119952328
"2066",2021-04-03 00:00:00,2134.10178829729
"2067",2021-04-04 00:00:00,2016.66724729304
"2068",2021-04-05 00:00:00,2077.75521242241
"2069",2021-04-06 00:00:00,2097.79638277926
"2070",2021-04-07 00:00:00,2115.05545174611
"2071",2021-04-08 00:00:00,1989.14806190417
"2072",2021-04-09 00:00:00,2081.3540625399
"2073",2021-04-10 00:00:00,2069.66779608553
"2074",2021-04-11 00:00:00,2142.79606539291
"2075",2021-04-12 00:00:00,2150.26514279277
"2076",2021-04-13 00:00:00,2142.47627586574
"2077",2021-04-14 00:00:00,2304.34351631101
"2078",2021-04-15 00:00:00,2429.66152775157
"2079",2021-04-16 00:00:00,2514.16841558123
"2080",2021-04-17 00:00:00,2424.55384470812
"2081",2021-04-18 00:00:00,2345.26696277613
"2082",2021-04-19 00:00:00,2245.76075335085
"2083",2021-04-20 00:00:00,2168.03272673565
"2084",2021-04-21 00:00:00,2324.28468722819
"2085",2021-04-22 00:00:00,2373.50134429821
"2086",2021-04-23 00:00:00,2426.0711497906
"2087",2021-04-24 00:00:00,2364.23120360209
"2088",2021-04-25 00:00:00,2212.8437976342
"2089",2021-04-26 00:00:00,2307.35532084471
"2090",2021-04-27 00:00:00,2532.38680288511
"2091",2021-04-28 00:00:00,2647.15818966029
"2092",2021-04-29 00:00:00,2748.78458512186
"2093",2021-04-30 00:00:00,2757.49755230498
"2094",2021-05-01 00:00:00,2776.70371169874
"2095",2021-05-02 00:00:00,2944.91694731851
"2096",2021-05-03 00:00:00,2953.29734808047
"2097",2021-05-04 00:00:00,3439.85506951926
"2098",2021-05-05 00:00:00,3245.66314893358
"2099",2021-05-06 00:00:00,3524.56272847605
"2100",2021-05-07 00:00:00,3495.07586903606
"2101",2021-05-08 00:00:00,3493.53450000021
"2102",2021-05-09 00:00:00,3912.74291659681
"2103",2021-05-10 00:00:00,3932.75406817097
"2104",2021-05-11 00:00:00,3979.60865192128
"2105",2021-05-12 00:00:00,4182.79028575229
"2106",2021-05-13 00:00:00,3906.10890332941
"2107",2021-05-14 00:00:00,3750.34159505928
"2108",2021-05-15 00:00:00,4088.73170832043
"2109",2021-05-16 00:00:00,3659.92184421362
"2110",2021-05-17 00:00:00,3602.0048969299
"2111",2021-05-18 00:00:00,3288.22988723786
"2112",2021-05-19 00:00:00,3399.04927965694
"2113",2021-05-20 00:00:00,2505.01494594566
"2114",2021-05-21 00:00:00,2778.2796605603
"2115",2021-05-22 00:00:00,2419.10321711502
"2116",2021-05-23 00:00:00,2306.37126686712
"2117",2021-05-24 00:00:00,2120.03737450994
"2118",2021-05-25 00:00:00,2640.15963234882
"2119",2021-05-26 00:00:00,2695.47780714963
"2120",2021-05-27 00:00:00,2882.48340762401
"2121",2021-05-28 00:00:00,2742.99086269761
"2122",2021-05-29 17:09:29,2355.15767376873
